term_str,x,y,n,max_pos,logn
able,24.623459,27.408487,294.0,JJ,5.683579767338681
absence,13.684974,-29.137094,100.0,NN,4.605170185988092
account,20.088657,-24.987366,188.0,NN,5.236441962829949
achilles,3.0024807,-3.4684744,379.0,NNP,5.937536205082426
act,4.780595,-18.45289,116.0,NN,4.7535901911063645
action,10.861077,-17.336117,87.0,NN,4.465908118654584
added,29.304958,33.8629,235.0,VBD,5.459585514144159
addressed,6.9431443,38.524834,66.0,VBD,4.189654742026425
advanced,-3.2519932,44.17269,81.0,VBD,4.394449154672439
advice,25.815779,-29.827522,89.0,NN,4.48863636973214
affection,16.536524,-24.497175,75.0,NN,4.31748811353631
afraid,26.946766,13.791389,453.0,JJ,6.115892125483034
afternoon,-34.298576,-40.911663,161.0,NN,5.081404364984463
age,8.131167,-34.58943,335.0,NN,5.814130531825066
ago,-2.8640437,23.280869,378.0,RB,5.934894195619588
ah,39.816315,22.567715,291.0,NN,5.673323267171493
ahead,-11.490859,25.51512,244.0,RB,5.497168225293202
aid,13.725905,-36.674423,185.0,NN,5.220355825078324
air,-45.290115,9.616378,829.0,NN,6.720220155135295
alarm,-3.4438517,-12.346978,66.0,NN,4.189654742026425
alas,25.587193,32.264282,103.0,NN,4.634728988229636
alive,27.580961,4.6207333,268.0,JJ,5.5909869805108565
allow,55.092056,3.9779167,111.0,VB,4.709530201312334
allowed,24.017242,28.057371,148.0,VBN,4.997212273764115
aloud,5.986586,19.265892,132.0,NN,4.882801922586371
amid,-43.932487,37.797615,66.0,IN,4.189654742026425
amidst,-43.672523,38.068745,151.0,IN,5.017279836814924
ample,-31.07098,-13.953642,83.0,JJ,4.418840607796598
ancient,-6.943221,-39.50993,174.0,JJ,5.159055299214529
anger,3.1637588,-26.439056,157.0,NN,5.056245805348308
angry,16.313877,9.779238,303.0,JJ,5.713732805509369
anguish,8.882565,-30.314112,61.0,NN,4.110873864173311
answer,38.676952,-5.695673,560.0,NN,6.327936783729195
answered,32.683014,33.374348,813.0,VBD,6.70073110954781
anxious,15.876635,10.190397,165.0,JJ,5.10594547390058
apartment,-20.417807,-3.9552824,61.0,NN,4.110873864173311
appear,11.045222,-9.7758255,132.0,VB,4.882801922586371
appearance,11.94916,-27.58223,151.0,NN,5.017279836814924
appeared,8.537848,50.706997,338.0,VBD,5.823045895483019
appears,8.021946,-10.971213,66.0,VBZ,4.189654742026425
approach,-22.052538,13.74801,102.0,NN,4.624972813284271
approached,3.2387588,38.85838,100.0,VBD,4.605170185988092
approaching,-18.742502,-16.671352,68.0,VBG,4.219507705176107
arm,-35.963417,-23.62937,824.0,NN,6.714170529909472
armies,-11.849844,-39.144848,86.0,NNS,4.454347296253507
armour,-36.802242,-15.342488,84.0,NN,4.430816798843313
arms,-40.11936,-16.98517,1132.0,NNS,7.0317412587631285
arrived,6.1708717,48.85124,154.0,VBD,5.0369526024136295
arrow,-29.233067,-9.430764,218.0,NN,5.384495062789089
arrows,-40.25353,-11.706719,214.0,NNS,5.365976015021851
art,-0.70021176,-39.662712,125.0,NN,4.8283137373023015
aside,-31.504711,35.286194,329.0,RB,5.796057750765372
ask,55.388374,7.359368,597.0,VB,6.391917113392602
asked,30.603779,35.29212,1626.0,VBD,7.3938782901077555
asleep,-21.031519,29.077654,238.0,RB,5.472270673671475
aspect,-15.187781,-13.023116,62.0,NN,4.127134385045092
attempt,43.485497,-5.82848,99.0,NN,4.59511985013459
attend,8.637025,-14.049413,127.0,VB,4.844187086458591
attention,16.645807,-27.843193,163.0,NN,5.093750200806762
awake,8.758787,6.3438087,96.0,NN,4.564348191467836
aware,24.943254,11.796227,111.0,JJ,4.709530201312334
away,-29.337107,33.194386,2352.0,RB,7.763021309018518
awful,-17.571474,-17.760136,109.0,JJ,4.6913478822291435
ay,39.93183,23.132305,106.0,NN,4.663439094112067
bad,21.540108,-7.910188,440.0,JJ,6.0867747269123065
bade,-0.7733923,31.212208,70.0,VBD,4.248495242049359
band,-44.276123,-12.4058,116.0,NN,4.7535901911063645
bands,-10.961721,-37.593033,93.0,NN,4.532599493153256
bank,-40.084457,16.205826,182.0,NN,5.204006687076795
bare,-43.83745,-7.853862,192.0,NN,5.2574953720277815
battle,-47.40194,-4.4981775,595.0,NN,6.38856140554563
beadle,9.715689,-0.7899937,85.0,NN,4.442651256490317
bear,53.90316,-0.28548878,707.0,VB,6.561030665896573
bearing,-19.759233,-11.870083,92.0,NN,4.5217885770490405
beat,-18.276745,18.311016,203.0,NN,5.313205979041787
beautiful,-22.773674,2.191638,306.0,JJ,5.723585101952381
beauty,6.6265063,-32.721622,164.0,NN,5.099866427824199
bed,-34.580273,26.169024,941.0,NN,6.846943139585379
beds,-16.137165,-28.673615,105.0,NNS,4.653960350157523
beg,50.294304,5.229072,151.0,VB,5.017279836814924
began,27.667282,43.59495,945.0,VBD,6.851184927493743
begin,54.805725,-4.3741374,137.0,VB,4.919980925828125
beginning,17.225813,0.78759867,154.0,VBG,5.0369526024136295
begun,16.907291,43.723778,153.0,VBN,5.030437921392435
beheld,2.9467556,37.829502,98.0,VBD,4.584967478670572
behold,52.456333,-9.1913,113.0,VB,4.727387818712341
believe,50.607357,14.034929,560.0,VBP,6.327936783729195
believed,20.737617,40.509987,160.0,VBD,5.075173815233827
bell,-32.348263,4.7707605,183.0,NN,5.209486152841421
bend,53.52086,-7.8560247,121.0,VB,4.795790545596741
bending,-14.500559,43.652744,88.0,VBG,4.477336814478207
beneath,-40.69885,36.964687,901.0,IN,6.803505257608338
bent,-14.760766,45.12013,220.0,NN,5.393627546352362
best,27.347311,-4.96161,845.0,JJS,6.739336627357174
better,39.067112,-13.89766,1207.0,JJR,7.095893221097532
bid,42.50877,40.299778,162.0,VB,5.087596335232384
big,-25.345484,3.3365548,489.0,JJ,6.192362489474872
bird,-8.829503,-10.681211,269.0,NN,5.594711379601839
birds,-9.099121,-25.36842,239.0,NNS,5.476463551931511
birth,17.441996,-31.57143,140.0,NN,4.941642422609304
bit,1.3193234,-14.646713,313.0,NN,5.746203190540153
bitter,0.94870806,-4.3799562,141.0,JJ,4.948759890378168
black,-58.213093,7.4245505,2008.0,JJ,7.60489448081162
blaze,-43.13132,-2.117312,92.0,NN,4.5217885770490405
bless,49.65716,-3.2524538,103.0,NN,4.634728988229636
blew,-13.802271,40.435543,152.0,VBD,5.0238805208462765
blind,4.653043,0.99995166,205.0,NN,5.3230099791384085
blood,-41.658623,-15.738249,1286.0,NN,7.1592919047975645
blow,-25.123243,8.483326,270.0,NN,5.598421958998375
blue,-56.87493,8.183704,497.0,JJ,6.208590026096629
board,-34.04122,24.7413,152.0,NN,5.0238805208462765
boat,-21.909302,-6.869986,188.0,NN,5.236441962829949
boats,-16.427582,-25.957758,95.0,NNS,4.553876891600541
body,-25.923338,-18.889374,346.0,NN,5.846438775057725
bold,-46.305855,-17.864557,264.0,JJ,5.575949103146316
bones,9.195975,-38.83441,233.0,NNS,5.4510384535657
book,-9.154807,-12.160799,285.0,NN,5.652489180268651
books,-15.627757,-25.556616,153.0,NNS,5.030437921392435
bore,2.3258631,31.548134,222.0,VBD,5.402677381872279
born,17.24724,-1.8686866,304.0,VBN,5.717027701406222
borne,-5.684531,38.578957,98.0,VBN,4.584967478670572
bosom,-26.487604,-21.030216,90.0,NN,4.499809670330265
bound,-31.314339,9.800731,267.0,NN,5.58724865840025
bow,-29.714832,-11.041275,300.0,NN,5.703782474656201
bowed,-0.69316125,36.108086,168.0,VBD,5.123963979403259
bowl,-26.05586,-6.8698277,102.0,NN,4.624972813284271
box,-22.987658,-10.907474,110.0,NN,4.700480365792417
boy,36.233902,-30.516499,1782.0,NN,7.485491608030754
boys,-7.885498,-27.783228,600.0,NNS,6.396929655216146
branches,-48.75811,2.2283113,137.0,NNS,4.919980925828125
brave,-5.808266,-44.632515,437.0,NN,6.07993319509559
brazen,-37.97361,-5.438821,79.0,JJ,4.3694478524670215
bread,-25.407612,-9.532051,310.0,NN,5.736572297479192
break,63.010902,-6.3242936,243.0,VB,5.493061443340548
breakfast,-13.738474,14.026441,174.0,NN,5.159055299214529
breast,-33.13098,-23.722128,392.0,NN,5.971261839790462
breath,-28.006107,-23.70019,414.0,NN,6.025865973825314
breathed,1.3893671,38.958668,77.0,VBD,4.343805421853684
breathless,-36.912407,2.5675395,88.0,NN,4.477336814478207
brief,-35.877056,-38.4301,80.0,JJ,4.382026634673881
bright,-57.16649,7.5079546,424.0,JJ,6.049733455231958
bring,61.472824,0.9601785,613.0,VB,6.418364935936212
bringing,-22.51183,17.185034,131.0,VBG,4.875197323201151
broad,-56.83863,5.3958983,235.0,JJ,5.459585514144159
broke,-10.547033,50.683723,366.0,VBD,5.902633333401366
broken,-16.853037,37.984436,472.0,JJ,6.156978985585555
brother,19.381714,-38.61154,1287.0,NN,7.160069207596127
brothers,5.464331,-40.457233,709.0,NNS,6.5638555265321274
brought,8.418762,42.645027,957.0,VBD,6.863803391452954
brow,-32.475777,-15.896246,168.0,NN,5.123963979403259
brown,-36.794975,-1.6464477,342.0,JJ,5.834810737062605
built,-3.2682426,7.0441346,163.0,VBN,5.093750200806762
buried,-2.9510167,6.0604234,123.0,VBN,4.812184355372417
burning,-38.53042,0.040909987,315.0,VBG,5.752572638825633
burst,-9.260048,42.835564,182.0,NN,5.204006687076795
business,22.328194,-25.966604,295.0,NN,5.68697535633982
busy,10.780912,10.124939,102.0,JJ,4.624972813284271
bye,33.2527,-24.060581,78.0,NN,4.356708826689592
called,11.788405,40.345425,1020.0,VBD,6.927557906278317
calling,-21.81079,16.566282,161.0,VBG,5.081404364984463
calls,0.70691305,30.756605,136.0,VBZ,4.912654885736052
calm,5.044639,-1.9211439,125.0,NN,4.8283137373023015
came,-5.561862,54.498074,2618.0,VBD,7.870165946469845
camp,-10.142395,-33.492878,218.0,NN,5.384495062789089
candle,-40.576,9.6425295,233.0,NN,5.4510384535657
captain,17.629723,-36.815285,230.0,NN,5.438079308923196
car,-33.608208,-12.845337,121.0,NN,4.795790545596741
care,27.504496,-28.688162,600.0,NN,6.396929655216146
careful,15.087287,4.7928815,129.0,JJ,4.859812404361672
carefully,6.7466607,12.41284,120.0,RB,4.787491742782046
cares,-0.5483999,-35.803677,75.0,NNS,4.31748811353631
carriage,-37.226883,21.225967,58.0,NN,4.060443010546419
carried,-5.7986455,45.004093,331.0,VBD,5.802118375377063
carry,60.903255,-2.2281365,198.0,VB,5.288267030694535
case,24.051376,-16.632336,255.0,NN,5.541263545158426
cast,-12.639499,46.722763,208.0,VBD,5.337538079701318
catch,58.06088,-6.170926,176.0,VB,5.170483995038151
caught,5.8135166,40.85096,471.0,VBD,6.154858094016418
cause,23.911724,-29.85199,224.0,NN,5.4116460518550396
cave,-17.519943,-1.0580684,101.0,NN,4.61512051684126
ceased,15.527721,43.222374,93.0,VBD,4.532599493153256
certain,25.877367,11.981701,576.0,JJ,6.3561076606958915
certainly,33.42858,14.413244,174.0,RB,5.159055299214529
chain,-27.076843,-15.033368,224.0,NN,5.4116460518550396
chair,-36.97684,-20.661026,438.0,NN,6.082218910376446
chamber,-22.793142,-3.6701136,199.0,NN,5.293304824724492
chance,21.285694,-22.410559,280.0,NN,5.634789603169249
change,42.593773,-2.7469785,268.0,NN,5.5909869805108565
changed,16.757414,40.824158,181.0,VBD,5.198497031265826
character,17.548727,-22.355934,116.0,NN,4.7535901911063645
charge,18.211264,-30.706247,155.0,NN,5.043425116919247
chariot,-34.019497,-12.714922,113.0,NN,4.727387818712341
charms,1.6822406,-34.23176,67.0,NNS,4.204692619390966
cheek,-31.801918,-21.569338,186.0,NN,5.225746673713202
cheerful,-8.591456,-5.025696,77.0,JJ,4.343805421853684
chief,-4.2533417,-41.06086,342.0,NN,5.834810737062605
chiefs,-10.658276,-38.10151,126.0,NNS,4.836281906951478
child,35.91968,-29.453022,796.0,NN,6.679599185844383
children,4.745418,-47.69205,791.0,NNS,6.673297967767654
chimney,-41.57248,12.758578,94.0,NN,4.543294782270004
choice,22.325666,-23.328337,224.0,NN,5.4116460518550396
choose,51.532475,3.2846673,156.0,VB,5.049856007249537
chosen,-2.756973,0.36780635,120.0,VBN,4.787491742782046
church,-37.3102,16.015423,123.0,NN,4.812184355372417
circle,-42.06029,1.6379352,129.0,NN,4.859812404361672
circumstances,12.397138,-18.25235,110.0,NN,4.700480365792417
city,-54.697723,-1.3587018,544.0,NN,6.298949246855942
claim,19.619673,-31.166721,164.0,NN,5.099866427824199
clean,-32.899532,7.6934586,223.0,JJ,5.407171771460119
clear,-28.409922,4.421384,312.0,JJ,5.7430031878094825
climbed,-5.773327,46.60043,225.0,VBD,5.41610040220442
cloak,-26.28152,-11.781494,682.0,NN,6.525029657843462
close,-26.948267,15.971743,787.0,RB,6.668228248417403
closed,-10.819799,37.1644,441.0,VBD,6.089044875446846
clothes,-20.754156,-25.02688,293.0,NNS,5.680172609017068
cloud,-45.1703,10.886346,148.0,NN,4.997212273764115
clouds,-46.61407,3.2096667,186.0,NN,5.225746673713202
coach,-36.92995,21.421913,115.0,NN,4.74493212836325
coat,-22.66397,-11.29823,123.0,NN,4.812184355372417
cold,-26.281567,4.5088167,940.0,JJ,6.84587987526405
colour,-25.54888,-1.7755225,69.0,NN,4.23410650459726
combat,-44.047806,-13.811182,122.0,NN,4.804021044733257
come,67.929436,-2.295231,3184.0,VB,8.065893546964274
comes,-5.4606714,54.719803,332.0,VBZ,5.805134968916488
comfort,16.437069,-26.374147,143.0,NN,4.962844630259907
coming,19.250843,26.101677,703.0,VBG,6.555356891810665
command,8.3103075,-27.43004,409.0,NN,6.013715156042802
commands,-13.052397,-42.3345,162.0,NN,5.087596335232384
common,19.658627,-10.618428,308.0,JJ,5.730099782973574
companion,18.931675,-37.03471,148.0,NN,4.997212273764115
companions,10.643929,-40.13024,153.0,NNS,5.030437921392435
company,6.6407733,-22.38337,354.0,NN,5.869296913133774
conduct,16.354818,-32.971344,69.0,NN,4.23410650459726
conquest,-0.76762486,-33.106754,82.0,NN,4.406719247264253
consider,50.681614,7.8501024,120.0,VB,4.787491742782046
considered,21.706776,40.018665,148.0,VBD,4.997212273764115
content,23.05487,21.64445,94.0,JJ,4.543294782270004
continued,30.156662,34.33068,248.0,VBD,5.5134287461649825
conversation,-0.8664277,-11.455878,130.0,NN,4.867534450455582
cool,-27.102045,-0.7076139,143.0,JJ,4.962844630259907
corner,-44.237644,15.955516,243.0,NN,5.493061443340548
council,-12.473514,-37.04992,259.0,NN,5.556828061699537
counsel,26.191912,-29.738548,140.0,NN,4.941642422609304
counsels,14.435042,-40.7985,56.0,NNS,4.02535169073515
countenance,-26.257122,-26.916046,139.0,NN,4.9344739331306915
country,-14.640393,-3.9225783,328.0,NN,5.793013608384144
couple,-12.341341,-16.203522,71.0,NN,4.2626798770413155
courage,22.451248,-28.265615,243.0,NN,5.493061443340548
course,18.602745,1.9308945,678.0,NN,6.519147287940395
coursers,-40.622173,-14.139075,109.0,NNS,4.6913478822291435
court,-41.768875,17.065102,245.0,NN,5.501258210544727
cousin,19.044981,-37.140564,159.0,NN,5.0689042022202315
covered,-35.292236,-1.9169602,316.0,VBD,5.755742213586912
creature,35.858517,-27.231445,160.0,NN,5.075173815233827
crept,-8.563017,43.119614,124.0,VBD,4.820281565605037
crew,-21.660385,-22.879711,92.0,NN,4.5217885770490405
cried,30.88068,32.704895,1012.0,VBD,6.919683849847411
cries,10.318501,30.378717,122.0,NN,4.804021044733257
cross,61.410698,-8.526274,194.0,VB,5.267858159063328
crossed,-0.87842757,44.001514,217.0,VBD,5.37989735354046
crowd,-38.48384,12.405697,136.0,NN,4.912654885736052
crown,-23.584442,-16.583141,282.0,NN,5.641907070938114
crownd,-40.336487,-8.7953415,61.0,NN,4.110873864173311
cruel,24.108677,1.9450382,199.0,NN,5.293304824724492
crying,12.545428,11.773782,182.0,VBG,5.204006687076795
cunning,14.598616,7.769423,79.0,NN,4.3694478524670215
cup,-25.879637,-10.425661,339.0,NN,5.82600010738045
curtain,-39.155777,7.477685,84.0,NN,4.430816798843313
cut,-4.366396,50.083977,610.0,VBD,6.413458957167357
dame,-2.8327074,-24.766764,65.0,NN,4.174387269895637
dance,59.811527,-9.832861,157.0,NN,5.056245805348308
danger,24.505613,-15.699332,220.0,NN,5.393627546352362
dangerous,15.897055,5.4293914,140.0,JJ,4.941642422609304
dare,53.31154,16.29641,237.0,VBP,5.4680601411351315
dared,30.541313,40.996124,184.0,VBD,5.214935757608986
dark,-55.021545,10.780318,1261.0,NN,7.13966033596492
darkness,-47.87732,8.524629,379.0,NN,5.937536205082426
darling,10.41686,20.200691,271.0,VBG,5.602118820879701
dart,-30.554417,-12.031819,97.0,NN,4.574710978503383
darts,-40.021687,-4.349165,51.0,NNS,3.9318256327243257
daughter,23.26878,-35.533676,439.0,NN,6.0844994130751715
dawn,-34.27363,21.073856,243.0,NN,5.493061443340548
day,-40.255486,-36.044556,2154.0,NN,7.675081857716334
days,-40.539207,-49.06695,860.0,NNS,6.756932389247553
dead,0.10172427,6.1275864,1508.0,JJ,7.318539548567902
deadly,-29.78818,-2.4002435,73.0,JJ,4.290459441148391
deal,20.913342,-11.928048,271.0,NN,5.602118820879701
dear,27.124548,-37.84898,758.0,JJ,6.630683385642372
death,-0.4997327,-42.933994,770.0,NN,6.646390514847729
deed,15.696546,-20.029362,77.0,NN,4.343805421853684
deeds,0.9624146,-38.08736,79.0,NNS,4.3694478524670215
deep,-55.553207,9.721168,749.0,JJ,6.618738983517219
deeply,11.050649,12.306389,92.0,RB,4.5217885770490405
delay,21.99632,-20.11792,67.0,NN,4.204692619390966
delight,9.618283,-30.52165,121.0,NN,4.795790545596741
demanded,27.035892,34.613205,207.0,VBD,5.332718793265369
descended,-2.376162,44.178623,98.0,VBD,4.584967478670572
desire,43.16275,-5.2824235,144.0,NN,4.969813299576001
desired,22.239576,36.067318,58.0,VBD,4.060443010546419
despair,4.0702925,-26.752392,89.0,NN,4.48863636973214
desperate,4.9438815,-1.8708313,98.0,JJ,4.584967478670572
determined,24.995562,18.115835,110.0,VBN,4.700480365792417
devil,29.166445,-1.7875056,78.0,NN,4.356708826689592
did,32.414215,42.835144,4394.0,VBD,8.387995252944556
didnt,37.14731,40.64535,427.0,NN,6.056784013228625
die,66.45066,0.40484697,632.0,VB,6.448889394146858
died,4.9947305,47.76351,538.0,VBD,6.2878585601617845
different,-17.710093,3.6811903,323.0,JJ,5.777652323222656
difficult,26.316742,17.344875,100.0,JJ,4.605170185988092
difficulty,-4.507082,-4.7887754,87.0,NN,4.465908118654584
dim,-45.790787,6.9893527,124.0,NN,4.820281565605037
dinner,-12.54199,13.425256,206.0,NN,5.327876168789581
dire,-0.730733,-34.84736,72.0,NN,4.276666119016055
direction,-19.033875,-3.495998,120.0,NN,4.787491742782046
directly,-12.942706,29.264853,107.0,RB,4.672828834461906
discovered,15.288106,40.65861,91.0,VBD,4.51085950651685
disposed,26.090075,15.443221,90.0,VBN,4.499809670330265
distance,-43.0647,-42.032047,241.0,NN,5.484796933490655
distant,-51.225574,-7.947398,240.0,JJ,5.480638923341991
distress,5.056866,-30.424658,69.0,NN,4.23410650459726
divine,-11.344236,-45.876385,158.0,NN,5.062595033026967
doctor,10.38684,0.3995607,151.0,NN,5.017279836814924
does,32.055492,42.235527,784.0,VBZ,6.664409020350408
dog,-8.504982,-12.022049,324.0,NN,5.780743515792329
dogs,-17.544886,-25.85345,330.0,NNS,5.799092654460526
doing,34.798683,16.160072,371.0,VBG,5.916202062607435
dont,37.944,41.22802,1979.0,VBP,7.590346945602565
doom,7.1853876,-40.295425,132.0,NN,4.882801922586371
door,-43.397987,21.918919,1465.0,NN,7.289610521451167
doors,-52.044594,2.7400692,283.0,NNS,5.645446897643238
double,-40.218407,-1.8258175,124.0,JJ,4.820281565605037
doubt,36.89628,-7.8837447,501.0,NN,6.2166061010848646
draw,62.26874,-3.8403742,181.0,VB,5.198497031265826
drawing,-33.683464,14.92555,169.0,VBG,5.1298987149230735
drawn,-16.581821,38.6592,167.0,VBN,5.117993812416755
dread,-0.12556747,-32.583977,174.0,NN,5.159055299214529
dreadful,-49.366768,-10.836777,225.0,JJ,5.41610040220442
dream,18.61432,-19.420176,314.0,NN,5.749392985908253
dreams,10.210032,-25.355856,194.0,NNS,5.267858159063328
dress,-30.523983,-17.655031,231.0,NN,5.442417710521793
dressed,-1.202936,9.638778,230.0,VBN,5.438079308923196
drew,-9.9497175,50.142334,584.0,VBD,6.369900982828227
drink,48.829235,-7.625378,372.0,VB,5.918893854273146
drive,62.535637,-3.9939542,116.0,VB,4.7535901911063645
driven,-5.781906,38.251545,96.0,VBN,4.564348191467836
drop,0.96188736,-19.26322,114.0,NN,4.736198448394496
dropped,-7.9370522,44.584984,230.0,VBD,5.438079308923196
drove,-7.272214,47.130535,174.0,VBD,5.159055299214529
dry,-34.883247,3.7070553,213.0,JJ,5.3612921657094255
dust,-42.97949,-4.541495,236.0,NN,5.4638318050256105
duty,25.094288,-29.92335,179.0,NN,5.187385805840755
dying,2.0817823,-25.883097,211.0,VBG,5.351858133476067
eager,-27.722244,-1.6612537,94.0,JJ,4.543294782270004
eagerly,5.4949255,19.478127,90.0,RB,4.499809670330265
ear,-31.932365,-24.13065,274.0,NN,5.6131281063880705
early,-32.389317,-39.672234,191.0,JJ,5.25227342804663
earnest,6.9471445,-2.2429233,66.0,NN,4.189654742026425
ears,10.293944,-40.45254,318.0,NN,5.762051382780177
earth,-52.198837,-4.5216165,418.0,NN,6.035481432524756
ease,-5.2961364,12.350988,111.0,NN,4.709530201312334
easily,16.708141,16.364569,158.0,RB,5.062595033026967
east,-37.280994,18.374878,293.0,NN,5.680172609017068
easy,28.735523,-25.921516,264.0,JJ,5.575949103146316
eat,59.18868,3.5155475,354.0,VB,5.869296913133774
eating,-23.823689,17.779173,131.0,VBG,4.875197323201151
edge,-42.814217,16.301197,214.0,NN,5.365976015021851
effect,20.4137,-21.128864,96.0,NN,4.564348191467836
effort,-15.567738,-9.129137,99.0,NN,4.59511985013459
eh,8.126548,2.42066,77.0,NN,4.343805421853684
elves,-8.565201,-26.401592,171.0,NNS,5.14166355650266
em,41.46611,5.0781293,167.0,NN,5.117993812416755
embrace,-3.203704,-9.580771,90.0,NN,4.499809670330265
employ,0.03737405,-36.583576,62.0,NN,4.127134385045092
end,-37.855747,-32.28039,1127.0,NN,7.027314514039777
enemy,16.253023,-21.562654,219.0,NN,5.389071729816501
engage,10.625649,-11.115775,55.0,VB,4.007333185232471
engaged,2.724383,9.050548,86.0,VBN,4.454347296253507
enter,54.713245,-6.645388,130.0,VB,4.867534450455582
entered,0.96365577,45.90287,301.0,VBD,5.707110264748875
entrance,-20.698359,-4.3215,89.0,NN,4.48863636973214
equal,-7.4419384,-40.038982,134.0,JJ,4.897839799950911
ere,-4.3757863,23.042143,144.0,RB,4.969813299576001
escape,62.35895,-6.5284815,164.0,VB,5.099866427824199
especially,12.99775,1.8564295,159.0,RB,5.0689042022202315
eternal,-13.612767,-42.102276,79.0,JJ,4.3694478524670215
evening,-39.40515,-35.99804,398.0,NN,5.986452005284438
evidently,13.013934,5.6584573,67.0,RB,4.204692619390966
evil,23.601622,-10.809053,226.0,JJ,5.420534999272286
exactly,29.906755,27.503193,89.0,RB,4.48863636973214
excellent,13.729028,-21.378351,76.0,JJ,4.330733340286331
exclaimed,31.263456,33.893127,248.0,VBD,5.5134287461649825
existence,14.40584,-28.373194,79.0,NN,4.3694478524670215
expect,52.172153,5.08659,169.0,VB,5.1298987149230735
expected,24.962502,38.96019,214.0,VBN,5.365976015021851
explained,26.793568,35.847103,111.0,VBD,4.709530201312334
expression,-25.442165,-26.801682,120.0,NN,4.787491742782046
eye,-26.64066,-26.838598,609.0,NN,6.411818267709897
eyed,-25.434978,-33.74771,174.0,VBN,5.159055299214529
eyes,-31.80019,-26.809376,2774.0,NNS,7.928045600874777
face,-28.206778,-26.632975,2202.0,NN,7.697121317282625
faces,-17.345308,-28.928564,303.0,VBZ,5.713732805509369
fact,17.714334,1.1818826,136.0,NN,4.912654885736052
faded,-13.097763,38.989193,120.0,VBD,4.787491742782046
faint,-10.324781,-5.588921,168.0,NN,5.123963979403259
fair,-23.949116,1.3433958,520.0,JJ,6.253828811575473
fairy,7.9371305,-17.966438,68.0,NN,4.219507705176107
faithful,-6.8430967,-47.03421,93.0,JJ,4.532599493153256
fall,65.10221,-5.1675787,557.0,VB,6.322565239927284
fallen,-5.6404495,39.53617,286.0,VBN,5.655991810819852
falling,-39.13711,3.3626027,253.0,VBG,5.53338948872752
falls,-17.64824,45.908646,135.0,VBZ,4.90527477843843
fame,2.6805422,-39.84163,144.0,NN,4.969813299576001
family,12.93231,-29.68384,202.0,NN,5.308267697401205
fancy,44.387325,-2.1687593,129.0,NN,4.859812404361672
far,15.241303,13.763117,1353.0,RB,7.210079628170788
farewell,6.1540647,2.5593681,83.0,NN,4.418840607796598
fast,-14.619449,33.22995,388.0,RB,5.961005339623274
fat,-13.183917,-11.781329,322.0,JJ,5.7745515455444085
fatal,-18.115873,-16.870779,76.0,JJ,4.330733340286331
fate,22.15584,-30.749664,324.0,NN,5.780743515792329
father,23.705282,-38.774677,2030.0,NN,7.615791072035833
fathers,5.403567,-41.313637,607.0,NN,6.408528791059498
fault,23.287966,-25.754444,119.0,NN,4.77912349311153
favour,12.422522,-24.667341,65.0,NN,4.174387269895637
fear,41.05029,-7.6393566,915.0,NN,6.818924065275521
feared,24.117796,39.332302,203.0,VBD,5.313205979041787
fears,9.547257,-38.097363,120.0,NNS,4.787491742782046
feast,-12.073897,4.8472557,247.0,NN,5.5093883366279774
features,-29.565817,-28.40163,115.0,NNS,4.74493212836325
feeble,-7.4092364,-46.933075,87.0,JJ,4.465908118654584
feel,52.019035,12.366212,674.0,VB,6.513230110912307
feeling,18.034225,-17.954605,284.0,NN,5.648974238161206
feelings,13.939878,-41.90803,136.0,NNS,4.912654885736052
feet,-30.302057,-25.591043,1109.0,NNS,7.011213987350367
fell,-9.892188,52.83361,950.0,VBD,6.856461984594587
fellow,35.797855,-27.753315,239.0,NN,5.476463551931511
felt,22.718708,41.322136,1162.0,VBD,7.057897937411856
fetch,57.74756,-3.507891,132.0,VB,4.882801922586371
field,-50.947838,-3.4886014,397.0,NN,5.983936280687191
fields,-52.2326,-0.15594244,278.0,NNS,5.627621113690637
fierce,-46.58055,-17.351038,335.0,JJ,5.814130531825066
fight,-1.0129277,-43.50988,643.0,NN,6.466144724237619
fighting,-6.5880623,-0.50244236,270.0,VBG,5.598421958998375
figure,-42.906406,7.2019305,158.0,NN,5.062595033026967
filled,-35.020893,-1.8836329,365.0,VBD,5.8998973535824915
finding,4.169223,-11.145154,105.0,VBG,4.653960350157523
fine,-22.002108,2.0416963,338.0,JJ,5.823045895483019
finger,-31.201717,-22.644957,235.0,NN,5.459585514144159
fingers,-32.008595,-20.720732,683.0,NNS,6.52649485957079
finished,15.015203,42.564342,169.0,VBN,5.1298987149230735
fires,-40.62857,-7.9923153,209.0,NNS,5.342334251964811
firm,-29.859262,-1.6903052,72.0,NN,4.276666119016055
fit,46.6519,-12.147667,224.0,NN,5.4116460518550396
fixd,-19.519701,-16.80291,77.0,NNP,4.343805421853684
fixed,-16.960806,40.32828,128.0,VBN,4.852030263919617
flame,-24.975302,-10.501158,192.0,NN,5.2574953720277815
flames,-47.131493,-2.862827,307.0,NNS,5.726847747587197
fled,-4.9873385,43.035908,188.0,VBD,5.236441962829949
fleet,-38.960125,-14.418948,159.0,NN,5.0689042022202315
flesh,-38.574432,-9.658161,251.0,NN,5.5254529391317835
flew,-8.935977,50.75509,296.0,VBD,5.69035945432406
flies,-17.245768,46.903984,206.0,NN,5.327876168789581
flight,-22.84516,-17.467823,193.0,NN,5.262690188904886
flood,-40.572815,-3.7608762,86.0,NN,4.454347296253507
floor,-47.442307,17.158438,441.0,NN,6.089044875446846
flow,-23.61354,-15.974722,83.0,NN,4.418840607796598
flowers,-47.132732,-6.842037,206.0,NNS,5.327876168789581
flung,-10.225547,48.888947,176.0,VBD,5.170483995038151
fly,64.44428,-3.6885204,330.0,VB,5.799092654460526
flying,-30.158838,11.202652,188.0,VBG,5.236441962829949
foe,-24.557444,-20.068363,232.0,NN,5.44673737166631
foes,-9.669477,-32.88759,125.0,NNS,4.8283137373023015
folk,2.3825777,-47.032543,232.0,NN,5.44673737166631
follow,60.534355,-0.92910117,283.0,VB,5.645446897643238
followed,4.854377,42.556038,506.0,VBD,6.226536669287466
following,-37.58964,5.3796096,155.0,VBG,5.043425116919247
fond,19.315252,3.504736,152.0,NN,5.0238805208462765
food,6.9783745,-21.532398,332.0,NN,5.805134968916488
fool,28.517912,-25.016094,388.0,NN,5.961005339623274
foot,-35.13148,11.476064,497.0,NN,6.208590026096629
force,12.255605,-36.378807,351.0,NN,5.860786223465865
forced,21.307165,31.743856,167.0,VBN,5.117993812416755
forehead,-31.707289,-16.385553,107.0,NN,4.672828834461906
forget,53.91414,6.620823,253.0,VB,5.53338948872752
forgive,53.99957,5.4913015,151.0,JJ,5.017279836814924
forgot,26.913605,36.684147,103.0,VBD,4.634728988229636
forgotten,20.589842,47.572002,296.0,VBN,5.69035945432406
form,36.271748,-26.184444,217.0,NN,5.37989735354046
formed,-1.7770435,-8.648549,98.0,VBN,4.584967478670572
forth,-36.638893,34.320328,317.0,NN,5.75890177387728
fortune,19.139551,-33.15886,120.0,NN,4.787491742782046
forward,-31.273844,35.141125,469.0,RB,6.150602768446279
frame,-30.40158,-15.007328,85.0,NN,4.442651256490317
free,51.822754,-3.2869987,481.0,JJ,6.175867270105761
fresh,-30.812325,-0.202815,201.0,JJ,5.303304908059076
friend,23.045567,-37.720318,623.0,NN,6.434546518787453
friendly,2.1849167,1.9936621,78.0,JJ,4.356708826689592
friends,16.931904,-41.719707,524.0,NNS,6.261491684321042
frightened,21.670725,21.032907,212.0,VBN,5.356586274672012
frodo,9.152653,19.740458,1028.0,NNP,6.93537044601511
funeral,-22.136831,9.788553,69.0,JJ,4.23410650459726
furious,2.9166214,20.445196,112.0,JJ,4.718498871295094
fury,-23.231672,-22.23159,251.0,NN,5.5254529391317835
future,5.0515223,-35.724037,125.0,NN,4.8283137373023015
gain,55.691944,-5.0905275,75.0,VB,4.31748811353631
game,-2.8545556,-14.257067,175.0,NN,5.1647859739235145
garden,-42.242928,14.223721,222.0,NN,5.402677381872279
gate,-44.04349,19.754118,538.0,NN,6.2878585601617845
gates,-52.66111,3.419446,318.0,NNS,5.762051382780177
gathered,-3.4220958,46.47126,168.0,VBD,5.123963979403259
gathering,-28.64534,10.576232,88.0,VBG,4.477336814478207
gave,4.019612,32.319427,1507.0,VBD,7.317876198626496
gay,10.25342,10.119417,65.0,NN,4.174387269895637
gaze,-31.802776,-19.535002,97.0,NN,4.574710978503383
gazed,0.3752003,51.963703,123.0,VBD,4.812184355372417
general,-13.939282,-14.226438,118.0,JJ,4.770684624465665
generally,9.216632,6.7643404,63.0,RB,4.143134726391533
generous,-9.790002,-45.354877,139.0,JJ,4.9344739331306915
gentle,-8.849954,-16.439142,204.0,JJ,5.318119993844216
gentleman,37.717052,-30.149902,477.0,NN,6.1675164908883415
gentlemen,-6.7461147,-26.207077,100.0,NNS,4.605170185988092
gently,-12.041488,30.814537,177.0,RB,5.176149732573829
getting,18.29464,26.114529,250.0,VBG,5.521460917862246
ghost,9.46115,-17.430058,318.0,NNP,5.762051382780177
gift,24.46411,-29.509933,193.0,NN,5.262690188904886
gifts,1.5344739,-31.1667,113.0,NNS,4.727387818712341
girl,36.495567,-30.682816,1067.0,NN,6.9726062513017535
girls,-6.7959185,-26.01712,272.0,NNS,5.605802066295998
given,17.509596,47.229843,595.0,VBN,6.38856140554563
gives,3.383634,30.611328,100.0,VBZ,4.605170185988092
giving,2.9402115,-9.363278,193.0,VBG,5.262690188904886
glad,26.749592,14.507008,347.0,JJ,5.849324779946859
glance,-28.33699,-18.585758,180.0,NN,5.19295685089021
glass,-46.0023,12.954449,232.0,NN,5.44673737166631
glittering,-39.174225,-4.053351,69.0,VBG,4.23410650459726
gloom,-38.30122,12.131191,110.0,NN,4.700480365792417
gloomy,-50.490677,-9.420634,112.0,JJ,4.718498871295094
glorious,-5.6301775,-43.42931,105.0,JJ,4.653960350157523
glory,2.5939794,-39.835575,172.0,NN,5.147494476813453
god,18.84313,-16.36798,672.0,NN,6.51025834052315
goddess,-17.178043,-20.782133,170.0,NN,5.135798437050262
godlike,-9.11823,-47.68814,75.0,NN,4.31748811353631
gods,-0.94914895,-45.946716,1297.0,NNS,7.167809184316444
goes,-6.3602734,53.16405,164.0,VBZ,5.099866427824199
going,19.459896,26.054516,1206.0,VBG,7.095064377287131
gold,-58.772667,2.824555,957.0,NN,6.863803391452954
golden,-58.10746,4.57218,454.0,JJ,6.118097198041348
gone,16.913853,49.434605,1123.0,VBN,7.023758954738443
good,22.39348,-8.261351,2498.0,JJ,7.823245690685523
gore,-39.244427,-9.318049,92.0,NN,4.5217885770490405
got,6.301714,46.522663,1273.0,VBD,7.149131598557407
grace,4.5457945,-36.057804,691.0,NNP,6.53813982376767
grass,-47.37132,11.530115,249.0,NN,5.517452896464707
grave,-18.139503,-10.163255,188.0,NN,5.236441962829949
great,-7.9146056,-52.561264,2530.0,JJ,7.835974581721566
greater,37.121803,-15.07433,113.0,JJR,4.727387818712341
grecian,-44.78187,-17.804789,150.0,JJ,5.0106352940962555
green,-54.624466,7.2665157,741.0,JJ,6.608000625296087
grew,7.619375,53.39715,418.0,VBD,6.035481432524756
grey,-54.785095,7.2346425,792.0,NN,6.674561391814426
grief,9.6938925,-32.351326,238.0,NN,5.472270673671475
grim,-28.6346,-3.8190653,105.0,JJ,4.653960350157523
ground,-48.076267,17.369177,879.0,NN,6.778784897685177
grow,62.893692,-10.567774,209.0,VB,5.342334251964811
growing,-1.7101688,7.4341636,201.0,VBG,5.303304908059076
grown,0.621736,10.323265,285.0,VBN,5.652489180268651
guard,3.63118,-23.099352,349.0,NN,5.855071922202427
guess,51.62891,10.683928,115.0,VB,4.74493212836325
guessed,22.131567,38.21942,60.0,VBD,4.0943445622221
guest,16.041668,-29.329021,95.0,NN,4.553876891600541
guests,-15.438016,-28.411322,134.0,NNS,4.897839799950911
guide,52.749355,-8.170493,88.0,NN,4.477336814478207
ha,5.90704,2.768918,115.0,NN,4.74493212836325
hair,-33.038967,-17.36717,981.0,NN,6.8885724595653635
half,-30.663984,-37.541615,1446.0,NN,7.27655640271871
hall,-42.40268,15.015434,600.0,NN,6.396929655216146
halted,-1.4350197,45.530174,68.0,VBD,4.219507705176107
hand,-36.94293,-23.46984,3070.0,NN,8.029432840581244
handed,-10.752363,40.56127,170.0,VBD,5.135798437050262
handkerchief,-27.285591,-11.346483,81.0,NN,4.394449154672439
hands,-32.595314,-26.515312,1535.0,NNS,7.336285660021297
handsome,16.474646,7.585762,170.0,JJ,5.135798437050262
hanging,-30.13698,11.037923,111.0,VBG,4.709530201312334
happened,21.775084,48.22464,321.0,VBD,5.771441123130016
happiness,18.585995,-34.001297,80.0,NN,4.382026634673881
happy,18.144972,12.601284,261.0,JJ,5.564520407322694
hard,16.805988,11.615227,1016.0,JJ,6.923628628138427
hardly,33.87394,9.923556,265.0,RB,5.579729825986222
harm,38.01629,-8.111032,183.0,NN,5.209486152841421
haste,40.094387,4.4287395,154.0,NN,5.0369526024136295
hastily,-12.430245,31.675844,91.0,RB,4.51085950651685
hat,-35.95413,-21.391117,196.0,NN,5.278114659230517
hate,53.502487,7.9539704,199.0,VBP,5.293304824724492
hated,19.955082,36.98203,139.0,VBD,4.9344739331306915
haughty,-0.8994941,-31.548046,57.0,NN,4.04305126783455
having,48.521736,27.51668,634.0,VBG,6.452048954437226
head,-35.05814,-21.836952,2365.0,NN,7.768533300926033
heads,-19.257849,-27.592373,270.0,NNS,5.598421958998375
health,13.031066,-24.832836,86.0,NN,4.454347296253507
heaps,-45.934765,-4.775592,81.0,NNS,4.394449154672439
hear,57.00661,9.43551,1337.0,VB,7.198183577101943
heard,13.714467,43.467915,1844.0,VBD,7.519692404116539
hearing,4.4804926,-11.870544,121.0,VBG,4.795790545596741
heart,20.50114,-41.544262,1201.0,NN,7.0909098220799835
hearth,-39.24259,14.554129,160.0,NN,5.075173815233827
hearts,11.151429,-42.461185,169.0,NN,5.1298987149230735
heaven,23.012606,-32.573513,502.0,NN,6.218600119691729
heavenly,-10.449073,-45.766922,86.0,RB,4.454347296253507
heavens,-7.6212993,-42.479416,112.0,NN,4.718498871295094
heavy,-58.58163,6.381489,563.0,JJ,6.333279628139691
height,-24.752066,-15.951822,96.0,NN,4.564348191467836
held,-11.54336,48.647118,646.0,VBD,6.470799503782602
hell,39.299225,42.48084,365.0,NN,5.8998973535824915
help,57.040424,3.4402382,766.0,VB,6.641182169740591
hero,-34.432964,-9.521305,176.0,NN,5.170483995038151
heroes,-7.3125625,-35.554478,169.0,NNS,5.1298987149230735
hes,43.264015,26.521189,721.0,NN,6.580639137284949
hidden,-23.993374,25.197412,209.0,VBN,5.342334251964811
hide,-18.646856,16.825617,200.0,VB,5.298317366548036
high,-54.732254,5.5255957,1174.0,JJ,7.068172000388042
hill,-40.76497,16.510826,347.0,NN,5.849324779946859
hills,-51.71496,1.2655752,241.0,NNS,5.484796933490655
history,12.835293,-18.478027,98.0,NN,4.584967478670572
hit,9.023955,39.986614,163.0,VBD,5.093750200806762
hobbit,35.118866,-27.040438,79.0,NN,4.3694478524670215
hobbits,-9.984352,-26.106337,247.0,NNS,5.5093883366279774
hold,55.66207,-9.992053,585.0,VB,6.371611847231857
holding,-20.212038,19.279104,197.0,VBG,5.2832037287379885
hole,-18.27569,-1.1613029,122.0,NN,4.804021044733257
hollow,-41.56619,0.21591273,168.0,NN,5.123963979403259
home,-11.85668,16.741516,1028.0,NN,6.93537044601511
honour,18.73762,-32.019363,119.0,NN,4.77912349311153
honours,-4.848056,-36.29608,76.0,NN,4.330733340286331
hook,-5.806645,-15.277141,331.0,NNP,5.802118375377063
hope,48.37073,12.595262,782.0,NN,6.661854740545311
hoped,22.502457,36.61042,184.0,VBD,5.214935757608986
hopes,15.010285,-40.83751,121.0,NNS,4.795790545596741
horror,-15.806721,-12.867223,107.0,NN,4.672828834461906
horse,-28.488768,-11.360596,922.0,NN,6.826545223556594
horses,-19.52505,-27.00914,603.0,NNS,6.401917196727186
host,-5.143069,-37.943905,309.0,NN,5.733341276897746
hostile,-15.599381,-42.03459,69.0,JJ,4.23410650459726
hosts,-11.16968,-38.450294,76.0,NNS,4.330733340286331
hot,-27.859154,3.3643572,563.0,JJ,6.333279628139691
hour,-37.50852,-34.59719,494.0,NN,6.202535517187923
hours,-40.242752,-47.00844,274.0,NNS,5.6131281063880705
house,-15.609694,-2.9045963,1639.0,NN,7.40184157874383
houses,-12.129476,5.3648596,145.0,NNS,4.976733742420574
huge,-40.546204,-2.3101883,305.0,JJ,5.720311776607412
human,-7.7996163,-50.397644,179.0,JJ,5.187385805840755
humour,32.417664,-23.37724,56.0,NN,4.02535169073515
hung,-12.137325,43.48953,319.0,NN,5.765191102784844
hungry,11.630263,11.4288845,162.0,JJ,5.087596335232384
hurried,-6.0386906,49.066216,148.0,VBD,4.997212273764115
hurry,2.3448422,-15.830437,94.0,NN,4.543294782270004
hurt,52.891937,6.48027,328.0,VB,5.793013608384144
husband,19.5833,-38.61702,295.0,NN,5.68697535633982
hush,8.551792,2.1569293,89.0,NN,4.48863636973214
idea,18.803047,-19.933603,193.0,NN,5.262690188904886
ill,27.896063,11.855046,1520.0,NNP,7.326465613840322
illustration,-25.645119,-34.874107,99.0,JJ,4.59511985013459
im,42.066257,26.565708,1013.0,NNP,6.920671504248683
immediately,-15.077315,29.807005,139.0,RB,4.9344739331306915
immortal,-10.834038,-44.499,132.0,JJ,4.882801922586371
important,22.956667,-3.1987576,94.0,JJ,4.543294782270004
impossible,25.478075,17.751572,84.0,JJ,4.430816798843313
inquired,31.599821,34.03913,182.0,VBD,5.204006687076795
inside,-32.61987,37.259083,496.0,IN,6.206575926724928
instant,-36.842598,-32.936012,273.0,NN,5.60947179518496
instantly,4.983842,16.779026,74.0,RB,4.30406509320417
instead,-11.86861,-20.866304,352.0,RB,5.863631175598097
interrupted,25.336588,32.517303,86.0,VBD,4.454347296253507
iron,-28.818787,-8.770446,618.0,NN,6.42648845745769
island,-16.39544,0.7630426,214.0,NN,5.365976015021851
isnt,37.260223,29.67304,166.0,NN,5.111987788356544
jane,38.97874,17.48047,402.0,NNP,5.996452088619021
javelin,-32.40516,-10.3372345,89.0,NN,4.48863636973214
join,56.82621,-1.4692575,214.0,VB,5.365976015021851
journey,6.700633,-23.083607,203.0,NN,5.313205979041787
joy,1.1044034,-29.297695,227.0,NN,5.424950017481403
just,19.929993,15.18322,1557.0,RB,7.350516171833998
justice,12.726368,-10.579598,179.0,NN,5.187385805840755
keen,-26.937208,-0.95123327,60.0,JJ,4.0943445622221
keeping,-21.223114,14.783204,144.0,VBG,4.969813299576001
kept,9.982936,44.575424,567.0,VBD,6.340359303727752
key,-22.5338,-3.7366524,97.0,NN,4.574710978503383
kill,58.03822,1.3562366,528.0,VB,6.269096283706261
killed,19.930605,46.286106,524.0,VBD,6.261491684321042
kind,20.492804,-14.768322,531.0,NN,6.274762021241939
king,-4.6056876,-41.6243,2015.0,NN,7.608374474380783
kings,-7.1001062,-42.530445,1040.0,NNP,6.946975992135418
kiss,42.946743,-0.61727387,225.0,NN,5.41610040220442
kissed,1.8335541,36.802322,186.0,VBD,5.225746673713202
kitchen,-40.29276,21.520329,247.0,NN,5.5093883366279774
knee,-30.14074,-20.130297,225.0,NN,5.41610040220442
knees,-33.4329,-22.528479,303.0,NN,5.713732805509369
knew,24.512962,40.97099,1577.0,VBD,7.3632795869630385
know,53.23981,13.307244,3263.0,VBP,8.09040229659332
knowing,45.65614,14.688656,150.0,VBG,5.0106352940962555
known,21.567732,46.663914,493.0,VBN,6.20050917404269
knows,31.070614,37.72293,303.0,VBZ,5.713732805509369
labour,1.9225786,-20.487223,56.0,NN,4.02535169073515
labours,-3.0564814,-36.40386,51.0,NN,3.9318256327243257
lad,30.711573,-32.32897,177.0,NN,5.176149732573829
ladies,-7.4681067,-27.072943,180.0,NNS,5.19295685089021
lady,37.47944,-30.209476,1798.0,NN,7.494430215031565
lagoon,-15.014794,0.9625102,65.0,NN,4.174387269895637
laid,-11.84575,47.621754,472.0,VBD,6.156978985585555
lance,-30.842997,-12.179376,205.0,NN,5.3230099791384085
land,-55.10737,-1.4283789,493.0,NN,6.20050917404269
lands,-50.17928,0.058400843,236.0,NNS,5.4638318050256105
language,14.474522,-25.330826,75.0,NN,4.31748811353631
large,-59.82602,9.962352,497.0,JJ,6.208590026096629
late,15.648354,12.836027,421.0,JJ,6.042632833682381
later,7.866489,-6.0954256,262.0,RB,5.568344503761097
laugh,-2.9182625,-16.76085,271.0,NN,5.602118820879701
laughed,2.4775455,51.33569,521.0,VBD,6.255750041753367
laughing,3.7002122,16.67703,198.0,VBG,5.288267030694535
laughter,-10.849444,-4.7374578,199.0,NN,5.293304824724492
law,32.07077,-24.641787,103.0,NN,4.634728988229636
lay,-10.409911,54.096947,837.0,VBD,6.729824070489475
lead,58.861576,-2.5444634,211.0,VB,5.351858133476067
leading,-24.699713,16.792109,111.0,VBG,4.709530201312334
leaning,-14.645282,43.346363,103.0,VBG,4.634728988229636
learn,51.520706,3.0648446,206.0,VB,5.327876168789581
learned,18.707155,40.37171,179.0,VBD,5.187385805840755
leave,60.253693,1.5578561,983.0,VB,6.890609120147166
leaves,-53.180836,7.1755896,332.0,NNS,5.805134968916488
leaving,-24.298138,18.361368,238.0,VBG,5.472270673671475
led,5.007873,44.136204,516.0,VBD,6.246106765481563
left,5.757606,43.724163,1797.0,VBD,7.493873886783559
legs,-29.419674,-24.034365,426.0,NN,6.054439346269371
length,-7.5996785,14.896201,277.0,NN,5.6240175061873385
lest,48.754135,-0.34461093,101.0,JJS,4.61512051684126
let,42.025574,41.011997,2072.0,VB,7.6362696033793735
letter,-20.27719,-5.469078,268.0,NN,5.5909869805108565
level,-40.770863,1.0065707,77.0,NN,4.343805421853684
lie,66.92077,-5.505414,392.0,VB,5.971261839790462
lies,-19.559208,47.08249,284.0,VBZ,5.648974238161206
life,19.492994,-28.683844,1053.0,NN,6.959398512133975
lifted,-13.1587925,47.695244,354.0,VBD,5.869296913133774
light,-50.26324,12.049977,1235.0,NN,7.118826249062078
lights,-49.866577,4.4364,109.0,NNS,4.6913478822291435
like,25.712442,-8.394166,4000.0,IN,8.294049640102028
liked,29.339415,39.93026,346.0,VBD,5.846438775057725
likely,26.781199,17.025787,219.0,JJ,5.389071729816501
limbs,-35.879536,-15.953902,128.0,NNS,4.852030263919617
line,-45.262062,-12.2542715,293.0,NN,5.680172609017068
lips,-32.640736,-23.082062,383.0,NN,5.948034989180646
listen,58.963406,4.4098115,262.0,VB,5.568344503761097
listened,1.609384,49.348923,188.0,VBD,5.236441962829949
listening,-1.8017884,41.25199,192.0,VBG,5.2574953720277815
lit,-12.004469,38.675602,129.0,VBD,4.859812404361672
little,-21.195517,5.2492366,2657.0,JJ,7.884952945759814
live,68.15331,1.0840517,458.0,VB,6.126869184114185
lived,11.531328,48.2984,281.0,VBD,5.638354669333745
lives,-13.449471,-30.517178,202.0,NNS,5.308267697401205
living,17.971159,-12.071125,301.0,NN,5.707110264748875
locked,-11.448807,39.031834,102.0,VBN,4.624972813284271
lofty,-39.436794,-5.6026263,82.0,JJ,4.406719247264253
lonely,-3.02206,5.682806,108.0,JJ,4.68213122712422
long,-19.721792,6.5346894,2910.0,JJ,7.975908360165538
longer,36.314724,-13.2532425,464.0,RBR,6.139884552226255
look,63.88799,-11.646151,1905.0,NN,7.552237287560802
looked,0.33249414,52.600037,2142.0,VBD,7.669495251007694
looking,0.1113434,53.519157,945.0,VBG,6.851184927493743
looks,16.277538,36.999687,207.0,VBZ,5.332718793265369
lord,-3.5634968,-39.024582,4526.0,NNP,8.417593826193484
lose,49.864685,1.6495274,156.0,VB,5.049856007249537
loss,7.5988293,-26.86723,101.0,NN,4.61512051684126
lost,14.339462,34.610744,791.0,VBN,6.673297967767654
lot,17.052164,-21.736506,157.0,NN,5.056245805348308
loud,-28.558851,2.1819496,247.0,JJ,5.5093883366279774
love,44.91923,-3.0412955,828.0,NN,6.71901315438526
loved,27.538904,39.698734,381.0,VBD,5.942799375126701
lovely,-22.4256,4.2337737,153.0,JJ,5.030437921392435
low,-57.614178,12.119142,537.0,JJ,6.285998094508865
lower,-35.32089,5.2092423,132.0,JJR,4.882801922586371
lying,-25.051365,25.461184,209.0,VBG,5.342334251964811
maam,39.282875,23.408772,134.0,NN,4.897839799950911
mad,23.320992,9.538379,232.0,JJ,5.44673737166631
maid,-25.587917,-34.274235,213.0,NN,5.3612921657094255
maids,-22.52333,-8.154679,108.0,NNS,4.68213122712422
main,-50.70439,-2.1034186,183.0,NN,5.209486152841421
make,62.623726,2.9072275,1911.0,VB,7.555381944240273
makes,4.0433307,30.625723,223.0,VBZ,5.407171771460119
making,2.3233812,-9.0663185,417.0,VBG,6.0330862217988015
man,37.803043,-28.795391,4090.0,NN,8.316300249036848
manner,17.08998,-18.060183,309.0,NN,5.733341276897746
mans,-18.381212,-14.870054,320.0,NN,5.768320995793772
mark,10.637175,-20.842478,130.0,NN,4.867534450455582
marriage,4.37611,-17.656614,151.0,NN,5.017279836814924
married,24.39136,10.603301,186.0,VBN,5.225746673713202
marry,58.63517,3.5748794,215.0,VB,5.3706380281276624
martial,-10.828159,-44.885693,81.0,JJ,4.394449154672439
master,24.251825,-39.27782,699.0,NN,6.54965074223381
masters,7.055626,-39.399998,133.0,NN,4.890349128221754
matron,9.735822,0.17435662,65.0,NN,4.174387269895637
matter,35.711033,-7.021872,588.0,NN,6.376726947898627
matters,11.437234,-8.654934,112.0,NNS,4.718498871295094
maybe,25.243895,0.52566814,302.0,RB,5.71042701737487
meal,-34.225662,-37.954887,142.0,NN,4.955827057601261
mean,52.433464,15.065962,748.0,VBP,6.617402977974478
meaning,27.28805,-26.675957,112.0,NN,4.718498871295094
means,22.039946,-17.66664,274.0,VBZ,5.6131281063880705
meant,28.952467,39.25391,417.0,VBD,6.0330862217988015
meantime,-13.799289,2.0391219,96.0,NN,4.564348191467836
meat,-5.451293,-8.347741,233.0,NN,5.4510384535657
meet,57.57006,-1.1960388,280.0,VB,5.634789603169249
meeting,-1.2954094,-3.1578484,91.0,NN,4.51085950651685
melancholy,-13.836315,-13.4005575,76.0,NN,4.330733340286331
memory,13.613505,-28.797848,152.0,NN,5.0238805208462765
men,0.48253542,-48.753616,2845.0,NNS,7.953318346560431
mention,50.33428,7.331211,98.0,VB,4.584967478670572
mercy,28.503048,-12.229155,193.0,NN,5.262690188904886
mere,19.967,-9.431344,136.0,JJ,4.912654885736052
merely,23.408522,12.465479,106.0,RB,4.663439094112067
merry,13.684469,7.961578,277.0,NNP,5.6240175061873385
message,48.331116,-7.2180905,132.0,NN,4.882801922586371
met,10.933273,45.68413,274.0,VBD,5.6131281063880705
middle,-43.251343,4.6763306,182.0,NN,5.204006687076795
midst,-42.38546,4.8718967,101.0,NN,4.61512051684126
mighty,-9.927904,-43.18941,240.0,NN,5.480638923341991
mile,-42.537827,-43.082035,88.0,NN,4.477336814478207
miles,-41.820503,-45.845478,181.0,NNS,5.198497031265826
milk,-43.77801,-0.55306184,205.0,NN,5.3230099791384085
mind,21.377432,-40.79329,959.0,NN,6.8658910748834385
minds,10.689825,-42.967037,82.0,NNS,4.406719247264253
mingled,-39.908546,-8.777363,77.0,VBN,4.343805421853684
minute,-35.62169,-35.898518,121.0,NN,4.795790545596741
minutes,-40.532932,-47.834038,208.0,NNS,5.337538079701318
mischief,27.489077,-0.45997003,68.0,NN,4.219507705176107
miserable,22.352648,-2.68876,109.0,JJ,4.6913478822291435
miss,49.17509,8.432155,924.0,NNP,6.828712071641684
mist,-45.671135,8.164056,125.0,NN,4.8283137373023015
mistress,21.034548,-37.37965,114.0,NN,4.736198448394496
moment,-39.639,-34.065662,1055.0,NN,6.961296045910167
moments,-38.575375,-44.579807,113.0,NNS,4.727387818712341
monarch,-2.0049052,-30.580727,84.0,NN,4.430816798843313
money,23.18055,-21.987715,199.0,NN,5.293304824724492
months,-39.96042,-47.592285,112.0,NNS,4.718498871295094
moon,-48.89717,7.2113,360.0,NN,5.886104031450156
morning,-39.778706,-36.350315,839.0,NN,6.732210706467206
morrow,-27.222643,-36.80021,238.0,NN,5.472270673671475
mortal,-7.7173147,-50.777405,166.0,JJ,5.111987788356544
mother,23.746248,-38.95609,1076.0,NN,6.98100574072173
mothers,15.521413,-39.061493,259.0,NN,5.556828061699537
mountain,-43.494488,11.547578,272.0,NN,5.605802066295998
mountains,-51.226753,1.9481373,313.0,NNS,5.746203190540153
mouth,-30.617414,-22.475878,753.0,NN,6.6240652277998935
moved,4.749861,39.38079,492.0,VBD,6.198478716492308
moving,-31.579521,-1.0129479,211.0,VBG,5.351858133476067
mr,5.733337,3.582744,2887.0,NNP,7.967973179662935
murmured,11.234773,31.850061,122.0,VBD,4.804021044733257
music,-10.394958,-4.717751,136.0,NN,4.912654885736052
muttered,11.448776,33.129192,188.0,VBD,5.236441962829949
names,13.816174,-42.242874,206.0,NNS,5.327876168789581
narrow,-46.82457,6.0012,263.0,JJ,5.572154032177765
nations,-11.965,-37.22736,56.0,NNS,4.02535169073515
native,-37.926758,-16.188204,84.0,JJ,4.430816798843313
natural,13.910177,5.5285454,107.0,JJ,4.672828834461906
nature,18.771437,-27.35451,206.0,NN,5.327876168789581
near,-32.83,38.395866,853.0,IN,6.748759547491679
nearer,-31.816116,37.93074,113.0,NN,4.727387818712341
nearly,9.661417,15.136721,187.0,RB,5.231108616854587
necessary,27.506449,-0.84269124,102.0,JJ,4.624972813284271
neck,-33.419125,-21.221146,431.0,NN,6.066108090103747
need,34.90546,39.35533,968.0,VBP,6.875232087276577
new,-8.234019,-53.376713,818.0,JJ,6.706862336602747
news,23.986223,-20.771523,214.0,NN,5.365976015021851
nice,17.265282,7.648329,112.0,JJ,4.718498871295094
night,-40.061108,-36.83529,2221.0,NN,7.7057128238944275
nights,-37.212357,-46.91688,392.0,NNP,5.971261839790462
noble,-8.773771,-46.622154,172.0,JJ,5.147494476813453
nodded,-0.8027017,36.65374,248.0,VBD,5.5134287461649825
noise,-11.287525,-9.227481,229.0,NN,5.43372200355424
north,-36.868572,18.102331,591.0,NN,6.3818160174060985
nose,-31.245966,-17.735151,285.0,NN,5.652489180268651
notice,39.38798,-8.041304,162.0,NN,5.087596335232384
noticed,17.458164,39.661953,134.0,VBD,4.897839799950911
number,16.32035,-13.877822,138.0,NN,4.927253685157205
numbers,-3.8425548,-1.3091116,91.0,NNS,4.51085950651685
nurse,30.718264,-33.401585,131.0,NN,4.875197323201151
nursery,-40.078407,22.376123,115.0,NN,4.74493212836325
obey,55.815605,-1.4826663,138.0,VB,4.927253685157205
obeyed,22.538008,34.786743,63.0,VBD,4.143134726391533
object,19.357504,-21.402514,129.0,NN,4.859812404361672
obliged,23.422266,27.017866,83.0,VBN,4.418840607796598
observed,19.773127,39.297474,199.0,VBD,5.293304824724492
occasion,4.946479,-13.032203,133.0,NN,4.890349128221754
oclock,-35.27685,-46.429657,107.0,NN,4.672828834461906
oer,-41.15695,36.395714,365.0,IN,5.8998973535824915
offer,53.407333,2.197289,214.0,VB,5.365976015021851
offered,8.0165,36.42417,246.0,VBD,5.5053315359323625
offering,9.098929,-12.995809,76.0,NN,4.330733340286331
office,-1.5336659,-16.060497,162.0,NN,5.087596335232384
oh,38.470257,22.844595,930.0,NN,6.835184586147301
old,40.865623,-30.40077,3076.0,JJ,8.031385330625534
oliver,8.509706,19.576496,770.0,NNP,6.646390514847729
ones,-4.8926063,-25.499817,283.0,NNS,5.645446897643238
open,-34.835064,16.253681,812.0,JJ,6.699500340161678
opened,-10.451213,36.89811,498.0,VBD,6.210600077024653
opening,-34.528805,14.999624,126.0,VBG,4.836281906951478
opinion,13.759316,-26.100655,93.0,NN,4.532599493153256
opportunity,-5.5912104,-18.88498,91.0,NN,4.51085950651685
opposite,-37.57803,6.5943503,101.0,JJ,4.61512051684126
order,2.6141214,-19.725641,217.0,NN,5.37989735354046
ordered,23.9517,34.543938,91.0,VBD,4.51085950651685
orders,-21.274248,-24.364672,116.0,NNS,4.7535901911063645
ordinary,16.518656,-13.174593,72.0,JJ,4.276666119016055
ought,34.55687,40.346066,368.0,MD,5.908082938168931
outside,-37.341568,30.1939,425.0,IN,6.052089168924417
pace,-28.754055,-18.979431,108.0,NN,4.68213122712422
paid,21.291666,5.758825,196.0,VBD,5.278114659230517
pain,15.479487,-23.122345,333.0,NN,5.808142489980444
pair,-12.639371,-16.102034,168.0,NN,5.123963979403259
pale,-59.668457,7.0378304,633.0,JJ,6.450470422144176
panting,-37.12554,3.495866,64.0,VBG,4.1588830833596715
papa,38.552517,15.77776,81.0,NN,4.394449154672439
paper,-9.746051,-11.48518,147.0,NN,4.990432586778736
pardon,26.703865,-34.974327,108.0,NN,4.68213122712422
parents,14.9379835,-39.621674,93.0,NN,4.532599493153256
parlour,-38.260174,21.172615,96.0,NN,4.564348191467836
parting,3.1350825,-3.2050831,68.0,NN,4.219507705176107
parts,-14.612443,-32.602295,93.0,NNS,4.532599493153256
party,-15.742014,-6.927712,158.0,NN,5.062595033026967
pass,64.86644,-6.3980985,383.0,VB,5.948034989180646
passage,-41.45466,9.413193,158.0,NN,5.062595033026967
passed,2.4597833,46.613483,632.0,VBD,6.448889394146858
passing,-37.07654,12.556796,193.0,VBG,5.262690188904886
passion,-8.8789215,-14.981657,113.0,NN,4.727387818712341
past,-34.15896,-45.99206,637.0,IN,6.456769655572163
path,-37.77328,24.338337,247.0,NN,5.5093883366279774
pause,-35.79791,-37.28762,86.0,NN,4.454347296253507
paused,-0.7040973,39.182644,117.0,VBD,4.762173934797756
pay,51.216286,1.5123857,229.0,VB,5.43372200355424
peace,6.581035,-28.0013,278.0,NN,5.627621113690637
people,2.345977,-47.952682,825.0,NNS,6.715383386334681
perfect,3.3674064,-27.046392,78.0,JJ,4.356708826689592
perfectly,21.114939,10.996809,82.0,RB,4.406719247264253
person,18.824005,-17.305487,278.0,NN,5.627621113690637
peter,10.082602,19.693613,752.0,NNP,6.62273632394984
picture,-3.4221625,-13.446813,66.0,NN,4.189654742026425
piece,-13.966962,-16.127956,174.0,NN,5.159055299214529
pieces,-44.92885,-0.9081923,139.0,NNS,4.9344739331306915
pierced,-36.45965,-4.178884,100.0,VBD,4.605170185988092
pirate,-4.2113895,-7.4232197,83.0,NN,4.418840607796598
pirates,-9.868752,-24.99915,129.0,NNS,4.859812404361672
pity,43.65037,-2.483917,225.0,NN,5.41610040220442
place,-14.593746,-1.9980409,1265.0,NN,7.142827401161621
placed,-8.683143,45.400394,207.0,VBD,5.332718793265369
places,-17.434702,-29.287127,183.0,NNS,5.209486152841421
plain,-51.714725,-4.0418463,447.0,NN,6.102558594613569
plainly,17.658579,17.140303,90.0,RB,4.499809670330265
play,61.73301,-7.266662,247.0,VB,5.5093883366279774
played,11.198028,37.971287,154.0,VBD,5.0369526024136295
playing,-13.46067,4.7081795,126.0,VBG,4.836281906951478
pleasant,20.516796,-8.498854,154.0,JJ,5.0369526024136295
pleased,22.03771,19.539606,271.0,JJ,5.602118820879701
pleasure,16.996872,-23.825119,262.0,NN,5.568344503761097
pocket,-29.489536,-21.698074,323.0,NN,5.777652323222656
point,-17.825901,-4.2277822,413.0,NN,6.023447592961033
pointed,-9.278238,46.759777,274.0,VBD,5.6131281063880705
pointing,-9.766459,31.500877,93.0,VBG,4.532599493153256
points,-15.420108,-33.170876,88.0,NNS,4.477336814478207
pony,-21.550737,-6.5455937,88.0,NN,4.477336814478207
poor,17.430424,-5.84149,572.0,JJ,6.349138991379798
position,12.63741,-28.23809,99.0,NN,4.59511985013459
possible,11.256713,13.922641,157.0,JJ,5.056245805348308
post,-41.051777,12.349167,128.0,NN,4.852030263919617
pour,-25.907314,12.897372,73.0,VB,4.290459441148391
poured,-10.586868,44.022793,124.0,VBD,4.820281565605037
power,22.340551,-31.499815,489.0,NN,6.192362489474872
powers,-6.084121,-36.00496,155.0,NNS,5.043425116919247
praise,1.0289496,-36.873695,73.0,NN,4.290459441148391
pray,48.03256,7.030568,234.0,NN,5.455321115357702
prayer,9.566226,-25.727144,133.0,NN,4.890349128221754
prayers,13.024994,-40.307007,104.0,NNS,4.6443908991413725
precious,24.642754,0.95933664,97.0,JJ,4.574710978503383
prepare,10.291709,-13.012975,71.0,VB,4.2626798770413155
prepared,21.946327,32.64748,119.0,VBN,4.77912349311153
presence,14.658241,-30.810293,175.0,NN,5.1647859739235145
present,-5.4109707,13.349068,359.0,JJ,5.883322388488279
presently,-15.306706,29.103802,174.0,RB,5.159055299214529
presents,9.66157,-21.00587,84.0,NNS,4.430816798843313
pretty,18.553347,8.2558775,296.0,RB,5.69035945432406
prevent,55.743565,-9.254571,73.0,VB,4.290459441148391
prey,-5.721653,-9.647628,80.0,NN,4.382026634673881
pride,13.52428,-34.218613,203.0,NN,5.313205979041787
prince,-1.7418151,-33.56658,533.0,NN,6.278521424165844
prize,12.458139,-31.690248,139.0,NN,4.9344739331306915
probably,31.755531,11.974242,159.0,RB,5.0689042022202315
proceeded,-1.5604326,48.78015,79.0,VBD,4.3694478524670215
promise,50.496544,3.9938421,256.0,NN,5.545177444479562
promised,19.859737,34.61804,255.0,VBD,5.541263545158426
proper,10.286299,4.6044073,96.0,JJ,4.564348191467836
property,5.6569934,-23.470955,113.0,NN,4.727387818712341
proud,3.3483918,-33.747265,305.0,JJ,5.720311776607412
prove,51.398174,0.38772488,154.0,VB,5.0369526024136295
proved,20.137703,37.410282,102.0,VBD,4.624972813284271
public,-51.108234,-13.626505,119.0,JJ,4.77912349311153
pure,-26.451836,1.1799128,92.0,NN,4.5217885770490405
purple,-38.2682,-1.8058411,149.0,JJ,5.003946305945459
purpose,20.744125,-25.631447,209.0,NN,5.342334251964811
pursue,9.503332,-12.036442,57.0,VB,4.04305126783455
pursued,9.653496,32.2932,123.0,VBD,4.812184355372417
putting,-30.0629,-20.060738,165.0,VBG,5.10594547390058
quarter,-15.487711,-10.149036,93.0,NN,4.532599493153256
queen,-17.297718,-18.73741,746.0,NN,6.61472560020376
queer,16.627884,6.5503225,165.0,NN,5.10594547390058
question,27.073889,-19.032799,368.0,NN,5.908082938168931
questions,23.829779,-22.119589,164.0,NNS,5.099866427824199
quick,7.9228287,12.582989,301.0,JJ,5.707110264748875
quickly,-14.840086,32.333794,278.0,RB,5.627621113690637
quiet,5.91236,11.815713,415.0,JJ,6.028278520230698
quietly,-12.962316,30.10589,172.0,RB,5.147494476813453
quit,54.291893,-6.563785,63.0,VB,4.143134726391533
quite,19.88158,9.390963,845.0,RB,6.739336627357174
race,-1.3344237,-39.55689,242.0,NN,5.488937726156687
radiant,-34.4742,-4.8907375,55.0,JJ,4.007333185232471
rage,11.6027155,-34.48328,299.0,NN,5.700443573390687
rain,-47.464394,9.324677,353.0,NN,5.8664680569332965
raise,55.912487,-8.668681,118.0,VB,4.770684624465665
raised,-14.775539,48.23257,502.0,VBD,6.218600119691729
ran,-6.6981983,51.336452,613.0,VBD,6.418364935936212
ranks,-48.28666,-2.2264159,92.0,NNS,4.5217885770490405
rapid,-42.266838,-2.8327587,64.0,JJ,4.1588830833596715
rate,23.63744,-18.232647,78.0,NN,4.356708826689592
reach,61.611923,-1.9395558,309.0,VB,5.733341276897746
reached,1.7620429,46.172318,552.0,VBD,6.313548046277095
read,56.69081,5.9765453,351.0,VB,5.860786223465865
reading,2.1473887,-5.407551,110.0,VBG,4.700480365792417
ready,24.122074,7.4938436,338.0,JJ,5.823045895483019
real,22.636084,-4.9274073,196.0,JJ,5.278114659230517
really,33.425697,14.218852,337.0,RB,5.820082930352362
rear,-22.386616,13.163713,114.0,NN,4.736198448394496
reason,24.64687,-20.525612,260.0,NN,5.560681631015528
receive,57.30319,-5.1401906,86.0,VB,4.454347296253507
received,6.844788,40.96646,180.0,VBD,5.19295685089021
red,-57.65263,6.0798926,1349.0,JJ,7.207118856207756
redskins,-12.450291,2.7253268,51.0,NNS,3.9318256327243257
regard,25.465418,-23.601927,69.0,NN,4.23410650459726
rejoined,33.614445,31.905668,119.0,VBD,4.77912349311153
remain,66.908005,1.5510795,207.0,VB,5.332718793265369
remained,8.496887,49.83178,339.0,VBD,5.82600010738045
remains,9.337701,-16.321032,125.0,VBZ,4.8283137373023015
remarked,16.164,38.944534,69.0,VBD,4.23410650459726
remember,53.05213,10.869397,574.0,VB,6.352629396319567
remembered,21.327103,40.369854,422.0,VBD,6.045005314036012
removed,-5.804097,37.36345,118.0,VBN,4.770684624465665
repeat,50.495342,8.19314,56.0,VB,4.02535169073515
repeated,16.207882,37.887463,211.0,VBD,5.351858133476067
replied,32.472847,32.204082,1012.0,VBD,6.919683849847411
replies,4.7113123,4.061648,58.0,NN,4.060443010546419
reply,28.118092,-18.755405,201.0,NN,5.303304908059076
resolved,22.622173,31.433586,112.0,VBD,4.718498871295094
respect,25.1438,-23.759926,104.0,NN,4.6443908991413725
rest,-10.549313,-29.122303,810.0,NN,6.697034247666484
resumed,4.3512735,37.22692,100.0,VBD,4.605170185988092
retired,-6.343732,41.796978,66.0,VBD,4.189654742026425
retorted,38.923595,18.091887,77.0,VBD,4.343805421853684
return,63.100136,-1.4045986,574.0,VB,6.352629396319567
returned,13.428779,40.643078,652.0,VBD,6.480044561926653
revenge,3.783672,-23.134306,94.0,NN,4.543294782270004
rich,-13.066146,-11.188872,261.0,JJ,5.564520407322694
ride,60.902267,-8.782387,407.0,VB,6.008813185442595
right,21.3246,26.47256,1242.0,NN,7.124478262493424
ring,-15.958245,-8.006571,443.0,NNP,6.093569770045136
rings,-45.67549,-8.360463,128.0,NNS,4.852030263919617
rise,-25.57404,11.909442,303.0,VB,5.713732805509369
rising,-39.465427,2.5983481,320.0,VBG,5.768320995793772
river,-43.534893,15.022442,647.0,NN,6.472346294500901
road,-38.04275,24.16872,600.0,NN,6.396929655216146
rock,-47.076893,14.501378,475.0,NN,6.163314804034641
rocks,-49.267193,0.7426366,167.0,NNS,5.117993812416755
rode,-5.3865356,47.796764,454.0,VBD,6.118097198041348
roll,-25.97625,13.246127,93.0,NN,4.532599493153256
rolled,-10.229542,43.72733,178.0,VBD,5.181783550292085
rolling,-39.516666,-3.0963237,106.0,VBG,4.663439094112067
roof,-44.572697,12.933752,232.0,NN,5.44673737166631
room,-41.39652,22.821959,1276.0,NN,7.151485463904735
rose,-11.666324,51.081284,821.0,VBD,6.710523109452428
rough,-29.688429,0.33831176,160.0,JJ,5.075173815233827
round,-34.54201,37.174076,1248.0,NN,7.129297548929373
roused,6.644297,38.9878,84.0,VBN,4.430816798843313
ruin,-4.184151,-31.630861,116.0,NN,4.7535901911063645
rule,-1.2620473,-22.515617,149.0,VB,5.003946305945459
run,65.90176,-7.274863,442.0,VB,6.091309882077698
running,-29.472792,15.688564,342.0,VBG,5.834810737062605
rush,-33.07573,7.0114603,134.0,NN,4.897839799950911
rushed,-6.7063212,48.47334,105.0,VBD,4.653960350157523
rushing,-37.785995,4.7372656,115.0,VBG,4.74493212836325
sacred,-44.029274,-17.408693,179.0,JJ,5.187385805840755
sacrifice,3.4593477,-18.228678,82.0,NN,4.406719247264253
sad,19.753298,-4.7983,300.0,JJ,5.703782474656201
safe,24.464691,19.718208,444.0,JJ,6.095824562432225
said,31.689615,32.132183,12056.0,VBD,9.397317740306331
sail,-8.216627,4.661703,194.0,NN,5.267858159063328
sake,26.01428,-28.199762,139.0,NN,4.9344739331306915
sank,-7.779899,48.36282,91.0,VBD,4.51085950651685
sat,-8.425461,53.756004,1075.0,VBD,6.980075940561763
savage,-12.991125,-6.5891175,119.0,NN,4.77912349311153
save,55.609104,0.90246403,366.0,VB,5.902633333401366
saved,17.692932,44.116837,126.0,VBD,4.836281906951478
saw,7.0286145,34.92922,2146.0,VBD,7.671360923190644
say,53.092014,12.321044,2380.0,VB,7.77485576666552
saying,44.344025,-0.28514138,401.0,VBG,5.993961427306569
says,32.765305,33.673462,422.0,VBZ,6.045005314036012
scarcely,33.532097,9.831392,295.0,RB,5.68697535633982
scene,-8.784572,-8.565844,151.0,NN,5.017279836814924
school,-12.704508,14.892634,127.0,NN,4.844187086458591
sea,-40.65546,18.22317,734.0,NN,6.598509028614515
seas,-51.05123,-0.7305643,82.0,NNS,4.406719247264253
seat,-36.33525,-21.192617,422.0,NN,6.045005314036012
seated,-26.603216,25.917265,214.0,VBN,5.365976015021851
seats,-37.583237,-13.948996,64.0,NNS,4.1588830833596715
second,-34.230537,-36.281895,425.0,JJ,6.052089168924417
secret,24.907728,-27.956793,269.0,JJ,5.594711379601839
seeing,4.1238604,-10.910461,218.0,VBG,5.384495062789089
seek,55.698368,0.0773503,190.0,VB,5.247024072160486
seen,19.187716,47.119713,1174.0,VBN,7.068172000388042
sees,2.8980465,30.564903,96.0,VBZ,4.564348191467836
seized,3.6073732,40.792194,183.0,VBD,5.209486152841421
seldom,21.467724,12.134567,133.0,RB,4.890349128221754
self,32.200443,-24.240473,136.0,NN,4.912654885736052
send,61.186882,0.7116653,536.0,VB,6.284134161070802
sense,18.395327,-23.356564,322.0,NN,5.7745515455444085
sent,8.419067,42.359116,834.0,VBD,6.726233402358747
servant,-6.7681127,-18.378178,192.0,NN,5.2574953720277815
servants,-9.198907,-28.28511,281.0,NNS,5.638354669333745
serve,55.233543,3.3805377,235.0,VB,5.459585514144159
service,5.4864798,-26.34279,179.0,NN,5.187385805840755
set,-3.3857608,50.145485,846.0,VBN,6.740519359606223
setting,-11.026586,40.392437,87.0,VBG,4.465908118654584
settled,12.557036,37.81713,130.0,VBN,4.867534450455582
seven,-36.431236,-47.98868,533.0,CD,6.278521424165844
shade,-44.498787,-3.814707,147.0,NN,4.990432586778736
shades,-50.16092,-1.7103915,86.0,NNS,4.454347296253507
shadow,-43.314823,7.9962654,473.0,NN,6.159095388491933
shadows,-47.364136,10.663036,240.0,NNS,5.480638923341991
shake,-33.480427,-4.565574,134.0,VB,4.897839799950911
shaking,-1.5257072,35.101116,151.0,VBG,5.017279836814924
shall,37.9837,45.128906,2188.0,MD,7.690743163541872
shame,25.01177,-27.02846,180.0,NN,5.19295685089021
shape,-18.191372,-11.020127,168.0,NN,5.123963979403259
share,13.980026,-36.79186,180.0,NN,5.19295685089021
sharp,-29.8508,2.881925,294.0,JJ,5.683579767338681
shed,-17.835537,10.407485,355.0,NN,5.872117789475416
sheep,-16.46592,-32.616447,172.0,NN,5.147494476813453
shelter,-4.539334,-4.6800904,92.0,NN,4.5217885770490405
shes,43.30586,26.394985,258.0,NN,5.552959584921617
shield,-32.297485,-12.35034,347.0,NN,5.849324779946859
shields,-40.63787,-5.915344,109.0,NNS,4.6913478822291435
shine,-24.471289,12.109353,70.0,VB,4.248495242049359
shining,-37.837955,-2.1908817,209.0,VBG,5.342334251964811
ship,-36.638775,25.485546,480.0,NN,6.173786103901937
ships,-11.170064,-34.411083,405.0,NNS,6.003887067106539
shone,-30.49723,22.947115,160.0,NN,5.075173815233827
shook,-14.834382,48.58562,370.0,VBD,5.91350300563827
shore,-39.479847,18.136023,363.0,NN,5.8944028342648505
shores,-40.412415,-11.461197,70.0,NNS,4.248495242049359
short,-20.059076,6.2598343,508.0,JJ,6.230481447578482
shot,-5.6104646,7.700335,125.0,NN,4.8283137373023015
shoulder,-34.70387,-20.81335,468.0,NN,6.148468295917647
shoulders,-33.31085,-21.063063,321.0,NN,5.771441123130016
shouted,9.452089,38.47756,328.0,VBD,5.793013608384144
showed,7.069595,35.690113,234.0,VBD,5.455321115357702
showing,-3.925211,-10.0765505,90.0,VBG,4.499809670330265
shut,-4.6245837,48.646122,308.0,VBD,5.730099782973574
sick,22.947552,9.839573,176.0,JJ,5.170483995038151
sides,-37.770855,-13.634231,135.0,NNS,4.90527477843843
sigh,-5.751967,-13.535344,78.0,NN,4.356708826689592
sighed,5.385162,18.617373,169.0,VBD,5.1298987149230735
sight,-17.483168,-4.9884915,510.0,NN,6.234410725718371
sign,22.128813,-17.435408,196.0,NN,5.278114659230517
silence,-42.259426,8.500265,438.0,NN,6.082218910376446
silent,-21.130146,28.988209,375.0,JJ,5.926926025970411
silly,47.927746,8.781668,74.0,JJ,4.30406509320417
silver,-58.314846,3.9455168,607.0,NN,6.408528791059498
sing,58.626827,-1.3262973,192.0,VBG,5.2574953720277815
singing,-34.850025,1.6512449,167.0,VBG,5.117993812416755
single,-15.125687,-15.8913145,220.0,JJ,5.393627546352362
sir,38.602024,23.356123,807.0,NN,6.693323668269949
sire,-3.5476055,-39.381992,167.0,NN,5.117993812416755
sister,17.32144,-32.279556,738.0,NN,6.6039438246004725
sisters,11.966166,-40.217747,257.0,NN,5.54907608489522
sit,67.230804,-5.9414973,412.0,VB,6.021023349349527
sitting,-26.46075,26.409624,325.0,VBG,5.783825182329737
skies,-50.387444,-2.4586756,171.0,NN,5.14166355650266
sky,-48.859154,8.028084,478.0,NN,6.169610732491456
slain,-43.67866,-9.768694,274.0,NN,5.6131281063880705
slaughter,-43.32937,-12.82751,78.0,NN,4.356708826689592
sleep,64.37249,-8.297609,701.0,VB,6.55250788703459
sleeping,5.091753,15.275982,138.0,VBG,4.927253685157205
slept,9.997911,45.625023,182.0,VBD,5.204006687076795
slight,-5.19603,-12.646246,84.0,JJ,4.430816798843313
slightly,5.190745,17.460503,129.0,NNP,4.859812404361672
slipped,-6.6840153,44.617615,154.0,VBD,5.0369526024136295
slow,-33.650356,1.2666718,251.0,JJ,5.5254529391317835
slowly,-14.457575,31.88416,354.0,RB,5.869296913133774
small,-59.989418,10.450824,914.0,JJ,6.81783057145415
smile,-7.959961,-14.1332655,537.0,NN,6.285998094508865
smiled,2.555764,51.36408,448.0,VBD,6.104793232414985
smiling,4.399514,19.608673,175.0,VBG,5.1647859739235145
smoke,-44.525078,1.358365,283.0,NN,5.645446897643238
smooth,-36.498707,0.45778206,130.0,JJ,4.867534450455582
snow,-46.202267,8.644173,700.0,NNP,6.551080335043404
society,15.830399,-25.920029,83.0,NN,4.418840607796598
soft,-60.032795,8.588165,498.0,JJ,6.210600077024653
softly,-12.980415,31.40409,237.0,RB,5.4680601411351315
solemn,-12.871421,-13.573005,122.0,NN,4.804021044733257
somewhat,1.658302,-5.417304,81.0,RB,4.394449154672439
son,23.607845,-36.20661,1412.0,NN,7.252762418053187
song,-4.72085,-14.999729,325.0,NN,5.783825182329737
sons,-6.8702188,-35.37646,537.0,NNS,6.285998094508865
soon,14.823532,16.845978,1172.0,RB,7.066466970136958
sooner,36.213314,-13.884929,235.0,NN,5.459585514144159
sorrow,3.4896371,-28.648018,107.0,NN,4.672828834461906
sorrows,8.76346,-39.335796,70.0,NNS,4.248495242049359
sorry,26.138502,14.249516,261.0,JJ,5.564520407322694
sort,20.450006,-14.764085,327.0,NN,5.7899601708972535
sought,8.531378,45.05089,132.0,VBD,4.882801922586371
soul,14.796333,-34.599014,311.0,NN,5.739792912179234
sound,-11.259408,-8.930702,791.0,NN,6.673297967767654
sounding,-38.498543,-5.194889,60.0,VBG,4.0943445622221
sounds,-4.744342,-1.4209954,157.0,NNS,5.056245805348308
south,-37.423946,18.842556,411.0,NN,6.018593214496234
space,-51.28685,-11.338895,143.0,NN,4.962844630259907
spare,54.446915,-0.2856913,183.0,VB,5.209486152841421
speak,57.63295,9.046934,769.0,VB,6.645090969505644
speaking,7.2541513,17.004171,201.0,VBG,5.303304908059076
spear,-31.87978,-11.203042,381.0,NN,5.942799375126701
spears,-38.133274,-12.682858,191.0,NNS,5.25227342804663
speech,-2.1952791,-12.378808,122.0,NN,4.804021044733257
speed,-13.883387,8.273602,110.0,NN,4.700480365792417
spent,13.984839,35.981655,137.0,VBD,4.919980925828125
spirit,14.77439,-27.140867,168.0,NN,5.123963979403259
spirits,-27.591845,-23.478674,131.0,NNS,4.875197323201151
spite,-11.875815,-20.88563,76.0,NN,4.330733340286331
spoke,3.6978,51.678364,729.0,VBD,6.591673732008658
spoken,20.086443,46.30399,173.0,VBN,5.153291594497779
spot,-15.731999,-0.06664553,128.0,NN,4.852030263919617
sprang,-8.022442,49.509068,125.0,VBD,4.8283137373023015
spread,-29.242292,9.300905,259.0,VBD,5.556828061699537
spring,-33.93286,-38.512413,169.0,NN,5.1298987149230735
stairs,-39.337322,16.102404,164.0,NN,5.099866427824199
stand,65.62214,-4.1556244,498.0,VB,6.210600077024653
standing,-26.10875,25.85457,352.0,VBG,5.863631175598097
stands,-19.063398,45.75574,152.0,VBZ,5.0238805208462765
star,-18.993948,-11.510906,91.0,NN,4.51085950651685
stars,-50.397392,5.295967,267.0,NNS,5.58724865840025
start,60.673237,-10.514389,170.0,NN,5.135798437050262
started,-6.0725746,50.22707,265.0,VBD,5.579729825986222
state,7.047109,-33.26464,225.0,NN,5.41610040220442
stay,67.54136,0.96639407,479.0,VB,6.171700597410915
stayed,9.331071,47.78454,149.0,VBD,5.003946305945459
steadily,-11.572155,27.12871,69.0,RB,4.23410650459726
steeds,-40.29057,-14.914326,154.0,NNS,5.0369526024136295
steel,-31.116152,-15.487361,543.0,NN,6.297109319933935
steep,-35.28988,5.9850106,101.0,JJ,4.61512051684126
step,-32.3992,17.878386,344.0,NN,5.840641657373398
stepped,-6.858352,49.868855,248.0,VBD,5.5134287461649825
steps,-39.38483,5.311953,403.0,NNS,5.998936561946683
stern,-27.308298,-3.814289,171.0,JJ,5.14166355650266
stick,-20.240953,15.082161,198.0,NN,5.288267030694535
stirred,2.5576515,39.19408,106.0,VBD,4.663439094112067
stone,-45.755558,13.238877,883.0,NN,6.78332520060396
stones,-48.15376,2.5650258,246.0,NNS,5.5053315359323625
stood,-9.192089,54.186977,1343.0,VBD,7.202661196523238
stop,53.128876,3.9915001,368.0,VB,5.908082938168931
stopped,0.2964235,45.14162,430.0,VBD,6.063785208687608
store,-22.213217,12.411067,65.0,NN,4.174387269895637
stories,21.821426,1.1455897,140.0,NNS,4.941642422609304
storm,-38.471294,10.259596,201.0,NN,5.303304908059076
story,30.214314,-30.98581,252.0,NN,5.529429087511423
straight,-33.886154,26.230839,243.0,RB,5.493061443340548
strange,19.79449,-7.9750247,421.0,JJ,6.042632833682381
stranger,32.055325,-32.170055,309.0,NN,5.733341276897746
strangers,-4.2933564,1.1796775,102.0,NNS,4.624972813284271
stream,-44.1557,14.342961,221.0,NN,5.3981627015177525
street,-39.456192,20.658754,223.0,NN,5.407171771460119
streets,-37.35315,14.873461,152.0,NNS,5.0238805208462765
strength,21.625452,-30.972692,453.0,NN,6.115892125483034
stretched,-13.462376,45.293102,124.0,VBD,4.820281565605037
strike,58.702667,-6.3664637,152.0,VB,5.0238805208462765
string,0.6670103,-19.636435,88.0,NN,4.477336814478207
strong,-24.562817,1.9395026,795.0,JJ,6.678342114654332
struck,4.593626,42.052452,319.0,VBD,5.765191102784844
subject,14.211591,-17.802402,180.0,NN,5.19295685089021
success,11.867036,-25.024649,65.0,NN,4.174387269895637
sudden,-30.529604,3.1062524,311.0,JJ,5.739792912179234
suddenly,-15.510221,32.15768,605.0,RB,6.405228458030842
suffer,51.884804,5.4177485,120.0,VB,4.787491742782046
suffered,20.439646,41.792934,83.0,VBN,4.418840607796598
suit,49.236042,0.23908761,110.0,NN,4.700480365792417
suitors,-9.977268,-28.385538,253.0,NNS,5.53338948872752
summer,-34.34866,-41.910995,364.0,NN,5.8971538676367405
sun,-49.816517,10.264144,632.0,NN,6.448889394146858
sunk,-35.89526,7.7138247,85.0,NN,4.442651256490317
superior,0.5436067,-34.816025,69.0,JJ,4.23410650459726
supper,-12.429997,13.207042,215.0,NN,5.3706380281276624
suppose,50.14001,14.016805,348.0,VBP,5.8522024797744745
sure,27.20697,14.256788,641.0,JJ,6.46302945692067
surely,46.214504,9.93519,231.0,RB,5.442417710521793
surprise,11.193655,-28.248728,180.0,NN,5.19295685089021
surprised,21.09459,21.001263,139.0,JJ,4.9344739331306915
swear,51.46067,7.2864966,231.0,VBP,5.442417710521793
sweet,-25.630766,2.1645582,635.0,JJ,6.453624998892692
swift,-38.11747,0.9003305,229.0,NN,5.43372200355424
swineherd,9.548789,-0.88795906,59.0,NN,4.07753744390572
sword,-35.06072,-23.538076,1165.0,NN,7.060476365999801
table,-46.34808,17.640894,775.0,NN,6.652863029353347
taken,17.10496,47.819275,756.0,VBN,6.628041376179533
taking,-20.446112,19.20323,379.0,VBG,5.937536205082426
tale,30.321169,-31.233046,220.0,NN,5.393627546352362
tales,-5.742969,-25.87636,129.0,NNS,4.859812404361672
talk,58.56668,8.416439,560.0,VB,6.327936783729195
talked,11.279556,46.887592,128.0,VBD,4.852030263919617
talking,21.103134,1.6591066,249.0,VBG,5.517452896464707
tall,-54.251144,8.292684,460.0,JJ,6.131226489483141
task,16.825651,-28.669836,128.0,NN,4.852030263919617
taste,27.12792,-23.676794,254.0,NN,5.537334267018537
taught,18.254627,43.76226,160.0,VBN,5.075173815233827
tea,-13.627414,14.067411,143.0,NN,4.962844630259907
teach,54.70838,5.1978874,108.0,VB,4.68213122712422
tear,57.81317,-7.569636,124.0,VB,4.820281565605037
tears,-34.380646,-26.01971,440.0,NNS,6.0867747269123065
teeth,-31.5743,-21.011894,378.0,NN,5.934894195619588
tell,54.88994,9.493307,1987.0,VB,7.594381242551817
telling,46.04218,2.1617537,176.0,VBG,5.170483995038151
tender,-7.690371,-47.039368,81.0,NN,4.394449154672439
tent,-25.885414,-17.380884,217.0,NN,5.37989735354046
terrible,-8.130963,-5.758629,227.0,JJ,5.424950017481403
terror,-16.765066,-13.107685,162.0,NN,5.087596335232384
thank,50.51034,9.630864,251.0,NN,5.5254529391317835
thats,40.1762,26.614939,708.0,NN,6.56244409369372
thee,40.60522,4.651032,239.0,NN,5.476463551931511
theres,36.30386,-9.471863,578.0,NN,6.359573868672378
thine,2.125109,-36.700417,61.0,NN,4.110873864173311
thing,27.697903,-16.194778,889.0,NN,6.790097235513905
things,2.8694623,-48.343037,818.0,NNS,6.706862336602747
think,52.01966,12.966842,1944.0,VB,7.572502985020384
thinking,19.697325,2.6489456,302.0,VBG,5.71042701737487
thou,43.441036,19.730492,358.0,NN,5.8805329864007
thought,23.686672,41.188416,2634.0,VBD,7.876258882303226
thoughts,11.930206,-41.883488,225.0,NNS,5.41610040220442
thousand,-41.838703,-44.454052,461.0,CD,6.133398042996649
threw,-9.828018,49.741936,340.0,VBD,5.8289456176102075
throat,-32.438614,-21.7552,416.0,NN,6.030685260261263
throne,-25.275208,-16.786411,320.0,NN,5.768320995793772
throw,60.55956,-3.0675256,138.0,VB,4.927253685157205
thrown,-16.630224,38.978184,122.0,VBN,4.804021044733257
thrust,-11.114843,45.264736,188.0,NN,5.236441962829949
thunder,-43.87199,-3.297698,130.0,NN,4.867534450455582
thy,-16.166237,-48.897755,957.0,JJ,6.863803391452954
tide,-43.071033,-1.4143338,125.0,NN,4.8283137373023015
tied,-10.455784,45.90241,122.0,VBD,4.804021044733257
till,-6.585682,23.891798,817.0,NN,6.705639094860003
time,-40.504356,-34.886784,3122.0,NN,8.046229101075378
times,-38.5488,-46.59952,551.0,NNS,6.311734809152915
tired,13.289925,9.297547,239.0,JJ,5.476463551931511
tis,43.572636,20.697386,111.0,NN,4.709530201312334
toil,-6.5379186,2.6449792,51.0,NN,3.9318256327243257
toils,-4.4476447,-35.57997,67.0,NNS,4.204692619390966
told,20.431656,44.544918,2160.0,VBD,7.67786350067821
tone,-9.333987,-14.948517,204.0,NN,5.318119993844216
tongue,14.697636,-34.806377,390.0,NN,5.966146739123692
took,3.769764,33.11817,2117.0,VBD,7.6577552711348655
touch,27.338413,-23.47619,241.0,NN,5.484796933490655
touched,5.722169,39.791916,284.0,VBD,5.648974238161206
towers,-41.395924,-10.5086155,234.0,NNS,5.455321115357702
town,-41.97711,18.214428,337.0,NN,5.820082930352362
train,-9.125544,-36.928864,197.0,NN,5.2832037287379885
treasure,12.859794,-22.675304,70.0,NN,4.248495242049359
tree,-42.904526,12.970528,442.0,NN,6.091309882077698
trees,-51.047325,5.4708776,681.0,NNS,6.523562306149512
tremble,-13.813355,8.469333,82.0,JJ,4.406719247264253
trembled,-0.08000114,38.69204,79.0,VBD,4.3694478524670215
trembling,-37.04143,-6.054992,196.0,VBG,5.278114659230517
tried,27.712343,42.79595,627.0,VBD,6.440946540632921
troops,-10.8993025,-34.63395,110.0,NNS,4.700480365792417
trouble,40.90756,-3.0982647,293.0,NN,5.680172609017068
troubled,17.214876,29.894005,135.0,JJ,4.90527477843843
true,25.26415,13.59075,725.0,JJ,6.586171654854675
truly,38.753468,16.240473,283.0,RB,5.645446897643238
trust,52.198933,2.9960272,242.0,VB,5.488937726156687
truth,29.513483,-1.7145991,479.0,NN,6.171700597410915
try,48.046593,4.7900405,363.0,VB,5.8944028342648505
trying,23.409252,26.897278,302.0,VBG,5.71042701737487
turn,61.36291,-3.6065447,595.0,VB,6.38856140554563
turned,-7.478835,50.175774,1352.0,VBD,7.20934025660291
turning,-10.357869,31.638094,325.0,VBG,5.783825182329737
turns,-17.554527,45.24213,122.0,VBZ,4.804021044733257
twice,7.8018193,-6.079676,221.0,RB,5.3981627015177525
ulysses,11.203618,22.521719,707.0,NNP,6.561030665896573
uncle,20.862852,-36.96591,440.0,NN,6.0867747269123065
understand,52.798874,10.842192,361.0,VB,5.8888779583328805
unhappy,18.0562,-4.7432666,116.0,JJ,4.7535901911063645
unknown,-4.473089,-9.332639,75.0,JJ,4.31748811353631
unless,34.93985,18.96931,257.0,IN,5.54907608489522
upper,-19.056507,-13.234207,91.0,JJ,4.51085950651685
upstairs,-29.85718,34.23753,156.0,JJ,5.049856007249537
urged,-0.37100288,31.092533,171.0,VBD,5.14166355650266
use,38.34131,-8.192991,378.0,NN,5.934894195619588
used,33.30435,40.084908,484.0,VBD,6.182084906716632
usual,8.743286,11.271962,145.0,JJ,4.976733742420574
usually,7.9314203,7.3476577,69.0,RB,4.23410650459726
uttered,14.899296,39.608585,78.0,VBD,4.356708826689592
vain,-0.98639214,-27.406313,319.0,NN,5.765191102784844
valiant,-6.183517,-43.8175,91.0,JJ,4.51085950651685
valley,-41.769627,15.029956,99.0,NN,4.59511985013459
vanished,-8.204152,43.96808,165.0,VBD,5.10594547390058
various,-46.14747,-8.297917,103.0,JJ,4.634728988229636
vast,-50.671288,-10.428186,127.0,JJ,4.844187086458591
veil,-37.140415,-2.2598803,80.0,NN,4.382026634673881
vengeance,-1.726046,-35.299156,113.0,NN,4.727387818712341
view,-23.387247,-18.338308,219.0,NN,5.389071729816501
village,-14.91451,1.3372989,204.0,NN,5.318119993844216
violent,-2.8783302,-8.096989,65.0,JJ,4.174387269895637
vision,-4.307745,-13.190066,70.0,NN,4.248495242049359
visit,57.083015,-3.911999,177.0,NN,5.176149732573829
voice,-26.180943,-28.238121,1294.0,NN,7.165493475060845
voices,-36.502056,-8.350976,221.0,NNS,5.3981627015177525
waistcoat,-21.781963,-11.470426,59.0,NN,4.07753744390572
wait,67.59522,-0.16087131,367.0,VB,5.905361848054571
waited,8.671577,48.5052,230.0,VBD,5.438079308923196
waiting,23.880142,8.210402,355.0,VBG,5.872117789475416
wake,60.917538,-11.007849,179.0,VB,5.187385805840755
walk,65.69242,-7.269436,424.0,VB,6.049733455231958
walked,-6.0433955,51.527187,456.0,VBD,6.1224928095143865
walking,-27.905916,24.77298,205.0,VBG,5.3230099791384085
wall,-41.86636,16.41719,1166.0,NN,7.061334366910438
walls,-52.784256,-0.07554588,772.0,NNS,6.648984550024776
wandered,-6.453745,43.61331,75.0,VBD,4.31748811353631
wandering,-6.5858116,2.0217495,107.0,VBG,4.672828834461906
want,52.69228,15.507872,1429.0,VBP,7.264730177929867
wanted,30.365223,39.528748,761.0,VBD,6.634633357861686
wants,25.367947,34.31407,213.0,VBZ,5.3612921657094255
war,-1.2948318,-43.780956,698.0,NN,6.548219102762372
warm,-25.845097,4.019633,344.0,JJ,5.840641657373398
warrior,-34.264706,-8.785116,184.0,JJ,5.214935757608986
warriors,-11.740274,-41.443703,140.0,NNS,4.941642422609304
wash,-18.021338,18.429438,129.0,VB,4.859812404361672
washed,1.8434427,39.91592,142.0,VBD,4.955827057601261
waste,-7.496632,1.6185493,108.0,NN,4.68213122712422
watch,-24.554607,19.602709,731.0,NNP,6.594413459749778
watched,8.744472,38.042374,400.0,VBD,5.991464547107982
watching,1.0451274,-7.561891,241.0,VBG,5.484796933490655
water,-48.82672,12.805659,1198.0,NN,7.088408778675395
waters,-49.445343,1.8181736,174.0,NNS,5.159055299214529
wave,-27.23339,-9.632421,67.0,NN,4.204692619390966
waves,-46.390057,2.5416942,104.0,NNS,4.6443908991413725
way,-13.872268,-2.3871706,2655.0,NN,7.884199933676039
ways,-14.82515,-30.362211,163.0,NNS,5.093750200806762
weak,15.35338,7.139107,202.0,JJ,5.308267697401205
wealth,2.4868321,-31.710918,76.0,NN,4.330733340286331
weapon,-32.969036,-9.08167,98.0,NN,4.584967478670572
weary,13.131579,9.195314,155.0,JJ,5.043425116919247
weather,-10.333961,-3.06361,93.0,NN,4.532599493153256
week,-36.65414,-36.700462,140.0,NN,4.941642422609304
weeks,-39.505432,-47.57041,77.0,NNS,4.343805421853684
weeping,-19.633049,12.589351,136.0,VBG,4.912654885736052
weight,-0.55191815,-31.294838,176.0,NN,5.170483995038151
welcome,49.8924,-5.1186852,171.0,JJ,5.14166355650266
wendy,26.288095,31.577423,662.0,NNP,6.495265555937008
went,-5.3873115,52.426033,2145.0,VBD,7.6708948313621175
wept,0.3185295,36.87828,125.0,VBD,4.8283137373023015
west,-37.419678,18.142138,338.0,NN,5.823045895483019
wet,-35.439,0.7771781,279.0,NN,5.631211781821365
whats,38.95438,26.642384,231.0,NN,5.442417710521793
whereon,-0.98096263,42.179935,56.0,NN,4.02535169073515
whisper,2.4046335,-15.894929,139.0,NN,4.9344739331306915
whispered,28.49935,34.406887,348.0,VBD,5.8522024797744745
white,-58.183723,8.704295,1295.0,JJ,7.166265974133638
wholly,6.6783323,7.4279222,68.0,RB,4.219507705176107
wicked,20.649464,-2.2022247,108.0,JJ,4.68213122712422
wide,-47.070496,5.7698627,408.0,JJ,6.0112671744041615
wife,22.629147,-37.964825,569.0,NN,6.343880434126331
wild,-52.009136,-10.01433,321.0,JJ,5.771441123130016
willing,28.036821,9.519509,86.0,JJ,4.454347296253507
wind,-49.5072,11.337199,843.0,NN,6.736966958001855
window,-43.3543,21.560799,575.0,NN,6.354370040797351
windows,-50.37425,4.597895,210.0,NNS,5.3471075307174685
winds,-47.672596,-1.3314756,128.0,NNS,4.852030263919617
wine,-29.36971,19.452051,820.0,NN,6.709304340258298
wings,-36.86916,-10.7886505,212.0,NNS,5.356586274672012
winter,-34.162548,-41.043846,213.0,NN,5.3612921657094255
wisdom,4.626032,-30.703035,121.0,NN,4.795790545596741
wise,23.87089,-4.7068768,225.0,NN,5.41610040220442
wish,49.529217,13.448059,652.0,VBP,6.480044561926653
wished,29.585972,40.16105,261.0,VBD,5.564520407322694
wishes,19.665071,34.338,78.0,NNS,4.356708826689592
woe,2.9319215,-32.100193,72.0,NN,4.276666119016055
woes,10.729664,-11.694618,60.0,NNS,4.0943445622221
woke,1.2926543,42.455128,188.0,VBD,5.236441962829949
wolves,-6.5341372,-1.1963693,261.0,NNS,5.564520407322694
woman,37.08948,-28.772583,1017.0,NN,6.92461239604856
women,0.6062433,-48.254177,441.0,NNS,6.089044875446846
won,17.153095,44.68057,220.0,VBD,5.393627546352362
wonder,49.67022,15.310723,365.0,NN,5.8998973535824915
wondered,29.879519,28.114063,324.0,VBD,5.780743515792329
wondering,4.9741964,5.2348676,163.0,VBG,5.093750200806762
wont,36.7302,41.800014,606.0,VBP,6.406879986069314
wood,-45.34186,11.574931,513.0,NN,6.240275845170769
woods,-50.613155,0.77495927,212.0,NNS,5.356586274672012
word,26.478617,-19.507065,861.0,NN,6.7580945044277305
words,5.275502,-48.03092,1097.0,NNS,7.00033446027523
wore,-8.644906,40.167393,344.0,VBD,5.840641657373398
work,7.0227747,-25.724102,494.0,NN,6.202535517187923
world,-13.331208,0.18884483,682.0,NN,6.525029657843462
worn,1.7830389,9.585501,120.0,VBN,4.787491742782046
worse,37.435833,-14.257693,336.0,JJR,5.817111159963204
worst,28.311352,-3.374129,139.0,JJS,4.9344739331306915
worth,23.513077,-5.1277986,189.0,JJ,5.241747015059643
worthy,17.86116,-4.695903,86.0,JJ,4.454347296253507
wouldnt,35.915745,41.40211,300.0,VBP,5.703782474656201
wound,-19.732155,41.70601,291.0,NN,5.673323267171493
wounded,-1.7095757,-6.7964697,164.0,JJ,5.099866427824199
wounds,-15.3741865,-33.10068,118.0,NNS,4.770684624465665
wrath,7.8833823,-31.43547,115.0,NN,4.74493212836325
wretch,24.597147,-1.041051,80.0,NN,4.382026634673881
wretched,20.87925,-2.5012026,132.0,JJ,4.882801922586371
write,52.583477,4.3954363,133.0,VB,4.890349128221754
written,2.6598868,9.17555,114.0,VBN,4.736198448394496
wrong,27.218456,-1.7366078,334.0,JJ,5.811140992976701
yard,-41.497936,13.806853,329.0,NN,5.796057750765372
ye,41.51577,15.481491,204.0,NN,5.318119993844216
year,-36.649956,-36.737545,352.0,NN,5.863631175598097
years,-40.163235,-49.048443,940.0,NNS,6.84587987526405
yellow,-36.822327,0.23762558,252.0,JJ,5.529429087511423
yer,41.210613,15.264404,87.0,NN,4.465908118654584
yes,38.16476,23.57125,1289.0,NN,7.161622002939187
yesterday,8.4369,5.471932,99.0,NN,4.59511985013459
yield,54.68351,-2.0798357,182.0,VB,5.204006687076795
yon,-15.796361,-41.90302,80.0,NN,4.382026634673881
yonder,-31.432741,13.218646,84.0,NN,4.430816798843313
youll,38.820114,42.60553,497.0,NN,6.208590026096629
young,40.825184,-30.388815,1246.0,JJ,7.1276936993473985
younger,37.0475,-15.868708,181.0,JJR,5.198497031265826
youre,42.21521,26.422775,606.0,NN,6.406879986069314
youth,12.297641,-32.014008,200.0,NN,5.298317366548036
youve,44.995358,26.521782,223.0,NN,5.407171771460119
